Frame,Rebuild_Waterfall(ms),Normalization(ms),RGB_Mapping(ms),Pre_Processing(ms),Inference(ms),Post_Processing(ms),Copy_To_CPU(ms),Drawing(ms),Prefetch_Wait(ms),Submit_Memcpy(ms),Submit_Total(ms),Total_Time(ms)
1,1.897,20.029,1.030,0.670,42.797,0.057,0.238,3.549,0.000,3.114,9.892,83.232
2,0.000,0.000,0.000,0.180,45.093,0.723,0.499,3.942,0.113,1.297,2.257,53.090
3,0.000,0.000,0.000,0.105,44.005,0.149,0.518,0.292,0.120,0.904,1.796,47.162
4,0.000,0.000,0.000,0.122,42.630,0.127,0.485,0.377,0.086,1.127,1.913,45.917
5,0.000,0.000,0.000,0.105,39.649,0.116,0.156,0.392,0.087,0.880,1.512,42.265
6,0.000,0.000,0.000,0.083,40.496,0.114,0.376,0.336,0.099,0.888,1.565,43.262
7,0.000,0.000,0.000,0.096,43.705,0.123,0.163,0.362,0.204,1.426,2.327,47.115
8,0.000,0.000,0.000,0.095,42.617,0.106,0.149,0.423,0.082,1.024,1.786,45.360
9,0.000,0.000,0.000,0.163,40.316,0.097,0.187,0.412,0.088,0.844,1.475,42.943
10,0.000,0.000,0.000,0.077,40.704,0.127,0.252,0.490,0.094,1.161,1.787,43.632
11,0.000,0.000,0.000,0.111,40.661,0.123,0.164,0.322,0.101,0.936,1.592,43.197
12,0.000,0.000,0.000,0.110,42.705,0.112,0.157,0.325,0.084,1.394,2.321,46.052
13,0.000,0.000,0.000,0.087,46.232,0.127,0.162,0.392,0.092,0.901,1.596,48.794
14,0.000,0.000,0.000,0.102,44.049,0.170,0.216,0.501,0.088,1.143,1.805,47.054
15,0.000,0.000,0.000,0.137,43.698,0.110,0.157,0.476,0.114,1.538,2.368,47.197
16,0.000,0.000,0.000,0.086,43.917,0.127,0.276,0.687,0.093,0.967,1.645,46.937
17,0.000,0.000,0.000,0.086,46.394,0.253,0.322,0.436,0.108,0.937,1.597,49.336
18,0.000,0.000,0.000,0.202,43.344,0.112,0.153,0.338,0.099,1.434,3.218,47.587
19,0.000,0.000,0.000,0.103,47.527,0.106,0.154,0.267,0.072,0.803,1.358,49.692
20,0.000,0.000,0.000,0.115,52.802,0.287,0.223,0.395,0.089,1.300,2.452,56.570
21,0.000,0.000,0.000,0.085,51.774,0.167,0.226,0.547,0.095,1.335,2.094,55.108
22,0.000,0.000,0.000,0.142,48.958,0.136,0.162,0.405,0.091,1.022,1.884,51.991
23,0.000,0.000,0.000,0.089,51.402,0.186,0.181,0.423,0.093,0.847,1.464,53.964
24,0.000,0.000,0.000,0.147,47.714,0.118,0.185,0.409,0.079,1.002,1.951,50.763
25,0.000,0.000,0.000,0.140,49.889,0.173,0.219,0.469,0.283,0.850,1.492,52.786
26,0.000,0.000,0.000,0.106,47.190,0.161,0.205,0.299,0.123,1.413,2.258,50.486
27,0.000,0.000,0.000,0.092,47.663,0.106,0.154,0.260,0.081,0.836,1.548,50.111
28,0.000,0.000,0.000,0.134,46.467,0.124,0.155,0.360,0.075,1.033,2.075,49.500
29,0.000,0.000,0.000,0.099,44.732,0.147,0.211,0.475,0.079,0.733,1.340,47.180
30,0.000,0.000,0.000,0.088,44.982,0.163,0.191,0.571,0.086,0.842,1.502,47.785
31,0.000,0.000,0.000,0.088,44.524,0.104,0.157,0.364,0.102,1.063,1.764,47.217
32,0.000,0.000,0.000,0.104,46.394,0.138,0.207,0.260,0.083,1.019,1.669,48.957
33,0.000,0.000,0.000,0.093,45.684,0.097,0.161,0.565,0.067,0.977,1.674,48.465
34,0.000,0.000,0.000,0.082,47.119,0.118,0.160,0.282,0.208,1.351,2.120,50.255
35,0.000,0.000,0.000,0.095,43.937,0.137,0.174,0.354,0.066,0.854,1.479,46.361
36,0.000,0.000,0.000,0.091,44.464,0.159,0.248,0.284,0.265,1.009,2.050,47.674
37,0.000,0.000,0.000,0.195,45.018,0.105,0.151,0.357,0.072,0.931,1.773,48.005
38,0.000,0.000,0.000,0.122,44.647,0.107,0.154,0.384,0.109,1.325,2.156,47.810
39,0.000,0.000,0.000,0.079,48.364,0.304,0.297,0.485,0.072,1.324,2.154,51.889
40,0.000,0.000,0.000,0.085,50.146,0.121,0.159,0.445,0.069,1.082,1.717,52.900
41,0.000,0.000,0.000,0.103,49.444,0.124,0.157,0.297,0.076,1.175,1.870,52.163
42,0.000,0.000,0.000,0.095,52.192,0.195,0.191,0.336,0.085,0.771,1.378,54.608
43,0.000,0.000,0.000,0.094,50.815,0.142,0.178,0.433,0.082,0.745,1.409,53.430
44,0.000,0.000,0.000,0.080,48.848,0.161,0.197,0.398,0.070,0.787,1.351,51.193
45,0.000,0.000,0.000,0.081,47.216,0.102,0.153,0.283,0.085,0.793,1.398,49.419
46,0.000,0.000,0.000,0.088,48.784,0.114,0.171,0.359,0.077,0.777,1.319,51.020
47,0.000,0.000,0.000,0.079,45.557,0.107,0.160,0.289,0.066,0.761,1.357,47.704
48,0.000,0.000,0.000,0.127,45.485,0.099,0.155,0.313,0.082,1.138,2.540,48.895
49,0.000,0.000,0.000,0.103,44.057,0.138,0.153,0.429,0.074,0.835,1.528,46.610
50,0.000,0.000,0.000,0.089,46.054,0.115,0.154,0.401,0.079,0.801,1.385,48.407
51,0.000,0.000,0.000,0.095,46.239,0.100,0.161,0.504,0.074,0.885,1.479,48.790
52,0.000,0.000,0.000,0.093,46.583,0.111,0.206,0.353,0.088,0.783,1.348,48.880
53,0.000,0.000,0.000,0.299,46.263,0.168,0.204,0.286,0.091,0.752,1.424,48.861
54,0.000,0.000,0.000,0.108,44.858,0.110,0.168,0.363,0.076,0.879,1.571,47.353
55,0.000,0.000,0.000,0.082,44.406,0.115,0.152,0.336,0.084,1.025,1.695,47.032
56,0.000,0.000,0.000,0.092,45.858,0.110,0.233,0.405,0.096,0.981,1.705,48.697
57,0.000,0.000,0.000,0.203,47.333,0.122,0.157,0.409,0.105,0.895,1.475,49.896
58,0.000,0.000,0.000,0.085,47.961,0.129,0.155,0.369,0.068,0.811,1.441,50.297
59,0.000,0.000,0.000,0.080,49.037,0.162,0.201,0.311,0.088,1.112,1.808,51.887
60,0.000,0.000,0.000,0.096,47.748,0.129,0.174,0.312,0.075,0.816,1.468,50.206
61,0.000,0.000,0.000,0.166,50.971,0.104,0.153,0.332,0.071,0.811,1.396,53.303
62,0.000,0.000,0.000,0.095,49.624,0.145,0.186,0.386,0.079,1.058,1.681,52.292
63,0.000,0.000,0.000,0.101,47.442,0.097,0.184,0.494,0.263,1.338,2.072,50.781
64,0.000,0.000,0.000,0.124,47.461,0.098,0.153,0.376,0.108,1.129,1.753,50.187
65,0.000,0.000,0.000,0.107,49.368,0.099,0.189,0.408,0.085,1.045,1.786,52.152
66,0.000,0.000,0.000,0.172,46.078,0.106,0.200,0.411,0.089,0.792,1.426,48.657
67,0.000,0.000,0.000,0.094,45.902,0.186,0.205,0.442,0.084,1.163,1.769,48.794
68,0.000,0.000,0.000,0.081,45.913,0.100,0.142,0.349,0.084,0.785,1.374,48.151
69,0.000,0.000,0.000,0.102,46.894,0.106,0.218,0.379,0.088,0.701,1.265,49.162
70,0.000,0.000,0.000,0.086,45.498,0.100,0.142,0.378,0.099,1.092,1.755,48.169
71,0.000,0.000,0.000,0.107,45.977,0.093,0.178,0.270,0.106,1.314,2.093,48.946
72,0.000,0.000,0.000,0.089,46.289,0.103,0.148,0.449,0.082,0.789,1.364,48.623
73,0.000,0.000,0.000,0.078,47.161,0.221,0.248,0.563,0.078,0.916,1.454,49.901
74,0.000,0.000,0.000,0.090,44.212,0.108,0.177,0.425,0.093,0.852,1.545,46.784
75,0.000,0.000,0.000,0.156,46.384,0.105,0.170,0.497,0.114,1.494,2.210,49.765
76,0.000,0.000,0.000,0.089,45.473,0.122,0.152,0.327,0.122,1.359,2.186,48.646
77,0.000,0.000,0.000,0.079,47.481,0.128,0.158,0.281,0.105,1.134,1.743,50.083
78,0.000,0.000,0.000,0.102,45.528,0.100,0.148,0.301,0.072,2.011,2.727,49.122
79,0.000,0.000,0.000,0.113,47.657,0.099,0.168,0.330,0.079,0.813,1.381,49.923
80,0.000,0.000,0.000,0.106,47.171,0.095,0.182,0.347,0.079,0.991,1.620,49.691
81,0.000,0.000,0.000,0.097,49.821,0.103,0.145,0.551,0.255,1.031,1.666,52.769
82,0.000,0.000,0.000,0.085,47.218,0.116,0.155,0.393,0.234,0.965,1.673,50.188
83,0.000,0.000,0.000,0.106,47.967,0.100,0.163,0.335,0.081,0.876,1.490,50.405
84,0.000,0.000,0.000,0.120,45.923,0.105,0.171,0.393,0.101,1.324,2.051,48.986
85,0.000,0.000,0.000,0.105,47.858,0.055,0.180,0.220,0.172,0.877,1.656,50.466
86,0.000,0.000,0.000,0.147,45.409,0.097,0.188,0.374,0.092,1.238,2.015,48.445
87,0.000,0.000,0.000,0.094,45.124,0.103,0.174,0.353,0.077,0.826,1.447,47.464
88,0.000,0.000,0.000,0.091,45.360,0.122,0.170,0.385,0.107,0.961,1.554,47.884
89,0.000,0.000,0.000,0.085,46.756,0.104,0.153,0.506,0.072,0.740,1.366,49.139
90,0.000,0.000,0.000,0.099,44.773,0.101,0.192,0.364,0.131,1.236,1.897,47.661
91,0.000,0.000,0.000,0.113,45.663,0.111,0.174,0.321,0.108,1.381,2.227,48.836
92,0.000,0.000,0.000,0.128,44.190,0.096,0.162,0.290,0.095,1.366,2.372,47.453
93,0.000,0.000,0.000,0.089,45.240,0.101,0.145,0.318,0.127,0.755,1.320,47.445
94,0.000,0.000,0.000,0.257,44.978,0.114,0.149,0.404,0.317,0.971,1.565,47.879
95,0.000,0.000,0.000,0.079,44.712,0.125,0.213,0.369,0.100,1.094,1.722,47.449
96,0.000,0.000,0.000,0.104,44.620,0.111,0.161,0.422,0.081,1.195,1.920,47.609
97,0.000,0.000,0.000,0.092,45.966,0.168,0.180,0.415,0.077,0.805,1.385,48.373
98,0.000,0.000,0.000,0.237,45.717,0.104,0.187,0.481,0.090,1.223,1.892,48.958
99,0.000,0.000,0.000,0.135,46.461,0.100,0.144,0.326,0.095,0.866,1.457,48.820
100,0.000,0.000,0.000,0.106,46.883,0.099,0.142,0.302,0.076,1.299,2.109,49.853
101,0.000,0.000,0.000,0.075,47.779,0.109,0.161,0.342,0.084,1.379,2.073,50.768
102,0.000,0.000,0.000,0.130,49.133,0.118,0.151,0.368,0.067,0.896,1.733,51.806
103,0.000,0.000,0.000,0.081,47.499,0.128,0.155,0.346,0.073,0.728,1.323,49.715
104,0.000,0.000,0.000,0.086,48.647,0.124,0.151,0.427,0.089,1.067,1.653,51.277
105,0.000,0.000,0.000,0.086,49.286,0.060,0.274,0.236,0.088,0.747,1.356,51.497
106,0.000,0.000,0.000,0.163,48.720,0.154,0.193,0.463,0.083,0.996,1.661,51.649
107,0.000,0.000,0.000,0.085,47.154,0.164,0.170,0.265,0.104,0.861,1.533,49.620
108,0.000,0.000,0.000,0.120,47.741,0.111,0.194,0.422,0.149,0.909,1.567,50.403
109,0.000,0.000,0.000,0.100,46.314,0.103,0.152,0.386,0.086,1.340,2.137,49.390
110,0.000,0.000,0.000,0.150,46.970,0.177,0.190,0.537,0.110,1.322,2.132,50.391
111,0.000,0.000,0.000,0.082,46.242,0.124,0.176,0.305,0.077,0.771,1.344,48.464
112,0.000,0.000,0.000,0.120,46.372,0.099,0.174,0.422,0.155,0.918,1.591,49.127
113,0.000,0.000,0.000,0.091,46.228,0.110,0.174,0.332,0.188,1.078,1.661,48.931
114,0.000,0.000,0.000,0.098,47.076,0.242,0.277,0.344,0.079,1.028,1.624,49.838
115,0.000,0.000,0.000,0.084,47.653,0.193,0.207,0.549,0.066,0.723,1.269,50.128
116,0.000,0.000,0.000,0.089,46.624,0.120,0.165,0.399,0.112,1.407,2.259,49.884
117,0.000,0.000,0.000,0.089,47.758,0.117,0.171,0.360,0.075,0.726,1.275,49.938
118,0.000,0.000,0.000,0.079,46.587,0.050,0.181,0.327,0.081,0.769,1.336,48.752
119,0.000,0.000,0.000,0.088,47.485,0.163,0.217,0.480,0.087,0.727,1.333,50.165
120,0.000,0.000,0.000,0.084,46.840,0.102,0.153,0.305,0.127,1.390,2.198,49.956
121,0.000,0.000,0.000,0.083,46.994,0.107,0.146,0.464,0.080,1.063,1.680,49.653
122,0.000,0.000,0.000,0.087,48.812,0.139,0.159,0.378,0.083,1.075,1.683,51.442
123,0.000,0.000,0.000,0.107,46.850,0.105,0.145,0.350,0.097,0.890,1.567,49.398
124,0.000,0.000,0.000,0.089,47.772,0.061,0.216,0.217,0.268,1.146,1.723,50.592
125,0.000,0.000,0.000,0.092,47.898,0.109,0.165,0.349,0.105,0.852,1.453,50.306
126,0.000,0.000,0.000,0.095,49.701,0.118,0.154,0.411,0.085,0.766,1.332,51.992
127,0.000,0.000,0.000,0.078,48.087,0.202,0.231,0.411,0.073,0.770,1.393,50.612
128,0.000,0.000,0.000,0.081,48.375,0.116,0.152,0.357,0.070,0.871,1.640,50.953
129,0.000,0.000,0.000,0.102,47.121,0.104,0.150,0.423,0.079,0.854,1.445,49.556
130,0.000,0.000,0.000,0.086,47.065,0.109,0.177,0.359,0.080,1.220,1.798,49.767
131,0.000,0.000,0.000,0.083,47.175,0.107,0.154,0.314,0.083,1.092,1.900,49.960
132,1.464,1.686,0.051,0.323,43.653,0.139,0.178,0.282,0.000,0.885,1.359,49.250
133,0.000,0.000,0.000,0.193,44.150,0.116,0.155,0.282,0.117,1.409,2.251,47.453
134,0.000,0.000,0.000,0.098,45.075,0.115,0.161,0.368,0.092,0.917,1.584,47.634
135,0.000,0.000,0.000,0.104,42.861,0.101,0.147,0.319,0.103,1.434,2.184,45.945
136,0.000,0.000,0.000,0.171,44.986,0.168,0.158,0.359,0.074,1.361,2.328,48.382
137,0.000,0.000,0.000,0.132,43.735,0.128,0.167,0.437,0.071,0.844,1.474,46.286
138,0.000,0.000,0.000,0.089,42.475,0.099,0.154,0.332,0.083,0.985,1.643,45.076
139,0.000,0.000,0.000,0.089,43.281,0.103,0.153,0.296,0.073,0.704,1.276,45.396
140,0.000,0.000,0.000,0.087,43.203,0.107,0.181,0.311,0.108,1.528,2.321,46.481
141,0.000,0.000,0.000,0.080,43.595,0.108,0.177,0.342,0.085,0.785,1.321,45.847
142,0.000,0.000,0.000,0.079,43.431,0.092,0.169,0.309,0.079,1.032,1.617,45.949
143,0.000,0.000,0.000,0.089,42.911,0.123,0.198,0.620,0.070,1.028,1.614,45.753
144,0.000,0.000,0.000,0.099,44.479,0.125,0.197,0.393,0.096,1.400,2.367,47.951
145,0.000,0.000,0.000,0.117,43.411,0.115,0.177,0.375,0.079,1.165,2.024,46.458
146,1.253,4.754,0.050,0.080,119.760,0.058,0.224,0.208,0.000,0.807,1.414,127.922
147,0.000,0.000,0.000,0.100,40.730,0.121,0.179,0.343,0.091,1.427,2.427,44.110
148,0.000,0.000,0.000,0.089,41.139,0.122,0.174,0.450,0.097,0.738,1.371,43.576
149,0.000,0.000,0.000,0.105,41.624,0.180,0.234,0.555,0.069,1.066,1.623,44.488
150,0.000,0.000,0.000,0.084,41.402,0.180,0.205,0.412,0.110,1.378,2.180,44.797
151,0.000,0.000,0.000,0.105,41.116,0.103,0.170,0.341,0.095,1.331,2.096,44.150
152,0.000,0.000,0.000,0.077,41.592,0.118,0.155,0.286,0.068,0.700,1.242,43.631
153,0.000,0.000,0.000,0.088,40.720,0.102,0.213,0.316,0.069,0.760,1.402,43.087
154,0.000,0.000,0.000,0.089,40.696,0.104,0.171,0.383,0.092,0.769,1.347,43.023
155,0.000,0.000,0.000,0.079,42.227,0.106,0.148,0.480,0.073,1.013,1.560,44.783
156,0.000,0.000,0.000,0.268,43.031,0.111,0.181,0.448,0.090,0.874,1.600,45.963
157,0.000,0.000,0.000,0.103,43.788,0.110,0.179,0.525,0.092,0.803,1.398,46.384
158,0.000,0.000,0.000,0.087,43.264,0.124,0.184,0.303,0.135,0.805,1.412,45.611
159,0.000,0.000,0.000,0.089,43.381,0.097,0.176,0.280,0.082,1.171,1.873,46.078
160,1.159,1.683,0.045,0.076,42.598,0.118,0.185,0.323,0.000,0.843,1.282,47.577
161,0.000,0.000,0.000,0.178,42.591,0.127,0.186,0.316,0.167,1.740,4.140,48.043
162,0.000,0.000,0.000,0.093,45.716,0.170,0.221,0.590,0.103,0.915,1.478,48.485
163,0.000,0.000,0.000,0.085,45.056,0.155,0.213,0.422,0.074,0.734,1.354,47.460
164,0.000,0.000,0.000,0.081,42.510,0.124,0.159,0.353,0.084,0.898,1.475,44.976
165,0.000,0.000,0.000,0.187,39.870,0.118,0.178,0.462,0.073,0.927,1.525,42.535
166,0.000,0.000,0.000,0.075,42.310,0.141,0.225,0.397,0.079,0.766,1.357,44.686
167,0.000,0.000,0.000,0.085,40.283,0.102,0.151,0.421,0.074,0.940,1.596,42.893
168,0.000,0.000,0.000,0.085,41.421,0.111,0.173,0.278,0.079,0.819,1.402,43.640
169,0.000,0.000,0.000,0.097,42.476,0.056,0.223,0.290,0.099,0.765,1.348,44.689
170,0.000,0.000,0.000,0.150,43.546,0.213,0.238,0.511,0.100,0.822,1.657,46.593
171,0.000,0.000,0.000,0.095,40.403,0.119,0.193,0.322,0.135,1.447,2.164,43.552
172,0.000,0.000,0.000,0.156,42.580,0.150,0.202,0.307,0.097,1.044,1.892,45.574
173,0.000,0.000,0.000,0.116,41.136,0.192,0.253,0.810,0.089,0.946,1.913,44.690
174,1.372,1.581,0.048,0.078,45.261,0.127,0.205,0.434,0.000,0.900,1.375,50.592
175,0.000,0.000,0.000,0.079,46.421,0.166,0.256,0.625,0.084,0.928,1.563,49.376
176,0.000,0.000,0.000,0.090,45.371,0.165,0.212,0.314,0.157,0.735,1.368,47.871
177,0.000,0.000,0.000,0.086,45.550,0.151,0.209,0.316,0.071,0.828,1.439,47.995
178,0.000,0.000,0.000,0.094,43.430,0.105,0.178,0.277,0.069,0.956,1.577,45.900
179,0.000,0.000,0.000,0.107,42.852,0.117,0.149,0.389,0.080,0.939,1.685,45.497
180,0.000,0.000,0.000,0.105,44.969,0.173,0.191,0.417,0.073,0.701,1.241,47.263
181,0.000,0.000,0.000,0.086,43.516,0.173,0.209,0.581,0.075,1.046,1.675,46.496
182,0.000,0.000,0.000,0.088,43.610,0.055,0.257,0.214,0.088,1.192,1.832,46.320
183,0.000,0.000,0.000,0.121,43.441,0.106,0.177,0.361,0.088,0.795,1.595,46.018
184,0.000,0.000,0.000,0.082,46.541,0.184,0.242,0.366,0.076,0.831,1.421,49.013
185,1.224,5.940,0.051,0.111,42.303,0.117,0.160,0.269,0.000,0.916,1.851,52.179
186,0.000,0.000,0.000,0.118,44.963,0.169,0.227,0.378,0.087,0.936,1.592,47.693
187,0.000,0.000,0.000,0.090,47.478,0.183,0.189,0.343,0.083,0.832,1.557,50.120
188,0.000,0.000,0.000,0.089,42.878,0.160,0.185,0.458,0.206,1.137,1.874,46.006
189,0.000,0.000,0.000,0.130,44.213,0.206,0.266,0.599,0.094,0.836,1.488,47.123
190,0.000,0.000,0.000,0.222,42.539,0.138,0.151,0.314,0.089,0.833,1.531,45.147
191,0.000,0.000,0.000,0.083,43.076,0.114,0.179,0.319,0.087,1.041,1.642,45.645
192,0.000,0.000,0.000,0.203,44.612,0.210,0.251,0.514,0.095,1.033,1.746,47.884
193,0.000,0.000,0.000,0.093,45.059,0.205,0.210,0.371,0.157,1.140,1.911,48.224
194,0.000,0.000,0.000,0.187,42.740,0.104,0.152,0.349,0.109,1.310,2.006,45.847
195,0.000,0.000,0.000,0.097,43.330,0.160,0.199,0.436,0.112,0.834,1.670,46.128
196,0.000,0.000,0.000,0.111,44.254,0.243,0.341,0.624,0.100,1.449,2.527,48.354
197,0.000,0.000,0.000,0.090,43.390,0.087,0.331,0.382,0.085,1.238,2.068,46.701
198,0.000,0.000,0.000,0.085,42.533,0.164,0.151,0.292,0.095,1.294,1.915,45.348
199,0.000,0.000,0.000,0.124,43.118,0.104,0.198,0.444,0.072,1.323,2.221,46.417
200,0.000,0.000,0.000,0.110,44.754,0.168,0.248,0.363,0.096,0.938,1.833,47.730
201,0.000,0.000,0.000,0.104,44.911,0.248,0.241,0.364,0.085,0.867,1.461,47.527
202,0.000,0.000,0.000,0.099,44.248,0.125,0.171,0.312,0.104,0.894,1.558,46.782
203,0.000,0.000,0.000,0.109,46.870,0.132,0.191,0.384,0.091,0.815,1.444,49.320
204,0.000,0.000,0.000,0.085,51.815,0.188,0.279,0.390,0.083,0.920,1.602,54.557
205,1.734,4.698,0.053,0.084,135.227,0.137,0.165,0.327,0.000,0.963,1.512,144.074
206,0.000,0.000,0.000,0.113,41.006,0.141,0.178,0.476,0.094,1.308,2.143,44.276
207,0.000,0.000,0.000,0.082,41.606,0.207,0.284,0.321,0.110,1.328,2.075,44.811
208,0.000,0.000,0.000,0.095,40.543,0.114,0.154,0.356,0.107,1.163,1.884,43.373
209,0.000,0.000,0.000,0.093,43.176,0.167,0.227,0.456,0.076,1.304,1.924,46.214
210,0.000,0.000,0.000,0.105,42.328,0.211,0.239,0.556,0.089,1.095,1.872,45.600
211,0.000,0.000,0.000,0.108,39.923,0.048,0.202,0.218,0.101,1.348,2.114,42.870
212,0.000,0.000,0.000,0.174,42.339,0.180,0.225,0.422,0.108,1.344,2.063,45.638
213,0.000,0.000,0.000,0.103,42.646,0.161,0.206,0.308,0.111,1.022,1.660,45.325
214,0.000,0.000,0.000,0.115,40.597,0.120,0.194,0.303,0.071,0.779,1.540,43.126
215,0.000,0.000,0.000,0.097,40.674,0.112,0.199,0.357,0.224,0.835,1.470,43.243
216,0.000,0.000,0.000,0.094,40.569,0.116,0.179,0.439,0.113,0.809,1.355,42.969
217,0.000,0.000,0.000,0.091,41.230,0.147,0.168,0.638,0.077,0.712,1.300,43.749
218,0.000,0.000,0.000,0.106,41.011,0.117,0.186,0.369,0.092,1.373,2.246,44.236
219,0.000,0.000,0.000,0.099,40.522,0.059,0.236,0.237,0.084,0.734,1.262,42.596
220,0.000,0.000,0.000,0.116,41.527,0.133,0.180,0.519,0.077,0.890,1.474,44.123
221,1.242,1.496,0.046,0.089,43.447,0.161,0.218,0.367,0.000,0.889,1.410,48.585
222,0.000,0.000,0.000,0.255,44.804,0.138,0.193,0.415,0.169,1.446,2.810,48.989
223,0.000,0.000,0.000,0.161,42.910,0.314,0.216,0.283,0.069,0.975,1.698,45.810
224,0.000,0.000,0.000,0.104,43.055,0.099,0.167,0.372,0.085,0.771,1.347,45.322
225,0.000,0.000,0.000,0.089,43.865,0.118,0.206,0.290,0.083,0.701,1.326,46.092
226,0.000,0.000,0.000,0.111,44.280,0.141,0.205,0.545,0.082,0.907,1.725,47.205
227,0.000,0.000,0.000,0.119,42.696,0.092,0.137,0.383,0.091,0.886,1.509,45.166
228,0.000,0.000,0.000,0.080,43.188,0.115,0.155,0.333,0.079,1.074,1.747,45.794
229,0.000,0.000,0.000,0.083,43.165,0.113,0.176,0.364,0.081,1.225,1.848,45.937
230,0.000,0.000,0.000,0.097,45.653,0.164,0.211,0.396,0.085,0.854,1.481,48.221
231,0.000,0.000,0.000,0.092,45.923,0.143,0.200,0.346,0.106,0.920,1.580,48.523
232,0.000,0.000,0.000,0.092,43.685,0.117,0.178,0.313,0.172,1.021,1.678,46.406
233,0.000,0.000,0.000,0.102,43.341,0.132,0.213,0.514,0.090,0.951,1.662,46.160
234,0.000,0.000,0.000,0.085,43.243,0.108,0.179,0.407,0.072,0.902,1.432,45.631
235,0.000,0.000,0.000,0.085,43.254,0.111,0.178,0.429,0.079,0.823,1.638,45.880
236,0.000,0.000,0.000,0.084,44.808,0.169,0.238,0.282,0.105,1.426,2.077,47.891
237,0.000,0.000,0.000,0.156,43.548,0.102,0.390,0.388,0.102,1.337,2.055,46.868
238,1.687,3.756,0.048,0.078,41.852,0.127,0.191,0.291,0.000,1.333,1.857,50.002
239,0.000,0.000,0.000,0.098,43.339,0.099,0.149,0.296,0.106,1.327,2.070,46.315
240,0.000,0.000,0.000,0.182,43.338,0.174,0.322,0.502,0.104,1.337,2.142,46.882
241,0.000,0.000,0.000,0.082,42.891,0.105,0.161,0.394,0.249,0.975,1.604,45.794
242,0.000,0.000,0.000,0.286,43.029,0.113,0.194,0.383,0.077,0.839,1.425,45.651
243,0.000,0.000,0.000,0.093,43.770,0.120,0.198,0.625,0.096,0.820,1.398,46.401
244,0.000,0.000,0.000,0.085,45.236,0.165,0.258,0.369,0.068,0.797,1.372,47.658
245,0.000,0.000,0.000,0.098,42.979,0.100,0.177,0.378,0.096,0.724,1.283,45.279
246,0.000,0.000,0.000,0.159,43.541,0.114,0.174,0.276,0.103,1.523,2.240,46.794
247,0.000,0.000,0.000,0.125,42.649,0.103,0.174,0.359,0.065,0.937,1.517,45.086
248,0.000,0.000,0.000,0.090,43.431,0.169,0.188,0.368,0.102,1.315,2.238,46.753
249,0.000,0.000,0.000,0.103,44.821,0.189,0.227,0.556,0.077,0.797,1.384,47.515
250,0.000,0.000,0.000,0.082,42.972,0.098,0.175,0.342,0.129,1.423,2.368,46.309
251,0.000,0.000,0.000,0.093,42.910,0.104,0.184,0.385,0.067,0.705,1.238,45.118
252,0.000,0.000,0.000,0.107,43.605,0.103,0.173,0.316,0.096,0.926,1.492,46.027
253,0.000,0.000,0.000,0.108,44.515,0.216,0.251,0.453,0.068,1.592,2.310,48.121
254,0.000,0.000,0.000,0.168,42.831,0.115,0.179,0.377,0.082,1.299,2.683,46.610
255,0.000,0.000,0.000,0.087,45.532,0.307,0.276,0.301,0.082,1.001,1.589,48.315
256,0.000,0.000,0.000,0.127,46.570,0.193,0.210,0.402,0.066,1.033,1.756,49.494
257,0.000,0.000,0.000,0.097,50.721,0.171,0.182,0.418,0.082,0.770,1.337,53.159
258,0.000,0.000,0.000,0.123,47.977,0.117,0.184,0.355,0.090,1.030,1.685,50.791
259,1.610,1.497,0.057,0.189,44.968,0.169,0.253,0.501,0.000,1.367,1.956,51.350
260,0.000,0.000,0.000,0.120,45.736,0.121,0.190,0.498,0.098,0.856,1.461,48.362
261,0.000,0.000,0.000,0.109,43.290,0.240,0.496,0.334,0.079,0.849,1.462,46.164
262,0.000,0.000,0.000,0.083,43.070,0.104,0.171,0.319,0.109,1.120,1.906,45.993
263,0.000,0.000,0.000,0.083,42.994,0.119,0.198,0.380,0.212,0.748,1.304,45.400
264,0.000,0.000,0.000,0.080,43.868,0.125,0.183,0.320,0.072,1.012,1.571,46.314
265,0.000,0.000,0.000,0.091,43.066,0.098,0.179,0.345,0.083,0.813,1.415,45.433
266,0.000,0.000,0.000,0.106,42.848,0.107,0.154,0.343,0.090,0.719,1.284,45.081
267,0.000,0.000,0.000,0.078,42.958,0.092,0.151,0.339,0.074,0.875,1.429,45.267
268,0.000,0.000,0.000,0.073,44.561,0.189,0.219,0.443,0.071,0.753,1.270,46.960
269,0.000,0.000,0.000,0.078,43.363,0.091,0.171,0.532,0.078,1.126,1.745,46.163
270,0.000,0.000,0.000,0.086,43.939,0.119,0.173,0.428,0.123,0.862,1.470,46.520
271,0.000,0.000,0.000,0.106,44.965,0.108,0.199,0.432,0.096,0.779,1.404,47.456
272,0.000,0.000,0.000,0.159,48.976,0.646,0.267,0.384,0.102,0.798,1.577,52.268
273,0.000,0.000,0.000,0.094,44.336,0.270,0.301,0.424,0.090,1.352,2.048,47.718
274,1.226,1.431,0.047,0.084,44.820,0.052,0.213,0.218,0.000,0.897,1.415,49.622
275,0.000,0.000,0.000,0.084,42.787,0.049,0.197,0.222,0.129,1.284,2.394,45.972
276,0.000,0.000,0.000,0.157,43.811,0.122,0.160,0.322,0.109,1.353,2.208,47.019
277,0.000,0.000,0.000,0.086,45.168,0.176,0.283,0.406,0.102,1.098,1.726,48.091
278,0.000,0.000,0.000,0.105,43.074,0.116,0.179,0.582,0.088,0.827,1.522,45.954
279,0.000,0.000,0.000,0.107,43.932,0.125,0.200,0.480,0.124,1.420,2.107,47.228
280,0.000,0.000,0.000,0.153,43.120,0.105,0.148,0.378,0.091,0.815,1.438,45.540
281,0.000,0.000,0.000,0.091,43.463,0.113,0.181,0.347,0.077,0.722,1.264,45.677
282,0.000,0.000,0.000,0.085,43.067,0.102,0.172,0.326,0.089,1.109,1.729,45.673
283,0.000,0.000,0.000,0.111,42.857,0.049,0.261,0.340,0.086,0.733,1.338,45.203
284,0.000,0.000,0.000,0.084,43.331,0.106,0.176,0.323,0.080,0.709,1.257,45.548
285,0.000,0.000,0.000,0.111,45.418,0.279,0.206,0.503,0.095,1.336,2.166,48.899
286,0.000,0.000,0.000,0.151,42.966,0.105,0.174,0.388,0.097,0.990,1.609,45.664
287,0.000,0.000,0.000,0.095,49.255,0.195,0.256,0.348,0.077,0.727,1.272,51.629
288,0.000,0.000,0.000,0.150,43.071,0.098,0.173,0.287,0.076,1.093,1.843,45.871
289,0.000,0.000,0.000,0.075,47.084,0.117,0.213,0.258,0.073,0.761,1.292,49.198
290,0.000,0.000,0.000,0.093,47.299,0.104,0.150,0.271,0.074,0.821,1.426,49.513
291,0.000,0.000,0.000,0.110,43.810,0.131,0.188,0.366,0.082,1.232,1.859,46.682
292,0.000,0.000,0.000,0.107,46.049,0.119,0.179,0.343,0.116,1.007,1.585,48.601
293,0.000,0.000,0.000,0.077,50.520,0.115,0.217,0.423,0.104,0.851,1.405,52.996
294,1.547,6.960,0.054,0.171,42.132,0.129,0.177,0.692,0.000,0.951,1.581,53.634
295,0.000,0.000,0.000,0.120,43.569,0.122,0.199,0.502,0.171,1.266,2.139,47.080
296,0.000,0.000,0.000,0.094,43.219,0.107,0.178,0.409,0.082,1.048,1.838,46.039
297,0.000,0.000,0.000,0.111,42.712,0.106,0.147,0.411,0.077,0.732,1.321,45.018
298,0.000,0.000,0.000,0.090,43.480,0.124,0.182,0.317,0.080,0.828,1.397,45.806
299,0.000,0.000,0.000,0.136,43.534,0.136,0.179,0.336,0.090,0.972,1.627,46.148
300,0.000,0.000,0.000,0.134,39.646,0.109,0.144,0.376,0.103,1.412,2.222,42.868
301,0.000,0.000,0.000,0.083,40.473,0.096,0.172,0.373,0.073,0.991,1.572,42.966
302,0.000,0.000,0.000,0.091,40.503,0.120,0.177,0.437,0.075,0.762,1.351,42.843
303,0.000,0.000,0.000,0.106,40.418,0.108,0.178,0.347,0.099,0.830,1.441,42.859
304,0.000,0.000,0.000,0.086,40.927,0.100,0.167,0.396,0.078,0.858,1.440,43.291
305,0.000,0.000,0.000,0.119,41.712,0.090,0.287,0.318,0.090,0.939,1.528,44.275
306,0.000,0.000,0.000,0.098,41.206,0.126,0.211,0.307,0.085,0.800,1.398,43.534
307,0.000,0.000,0.000,0.113,43.615,0.115,0.180,0.324,0.097,0.960,2.283,46.928
308,0.000,0.000,0.000,0.098,43.173,0.119,0.173,0.372,0.078,0.812,1.398,45.506
309,0.000,0.000,0.000,0.126,42.580,0.115,0.183,0.360,0.074,0.895,1.547,45.081
310,0.000,0.000,0.000,0.106,42.146,0.124,0.187,0.343,0.130,1.376,2.108,45.304
311,0.000,0.000,0.000,0.085,41.575,0.222,0.210,0.642,0.073,0.888,1.537,44.461
312,0.000,0.000,0.000,0.110,43.136,0.171,0.215,0.597,0.110,1.467,2.322,46.807
313,0.000,0.000,0.000,0.109,49.803,0.109,0.178,0.378,0.108,1.409,2.262,53.062
314,0.000,0.000,0.000,0.132,51.231,0.105,0.176,0.435,0.101,0.872,1.503,53.799
315,0.000,0.000,0.000,0.234,48.965,0.184,0.245,0.465,0.091,0.833,1.465,51.761
316,1.850,6.135,0.052,0.092,42.628,0.103,0.162,0.410,0.000,0.908,1.528,53.090
317,0.000,0.000,0.000,0.081,43.788,0.103,0.198,0.360,0.083,0.813,1.344,46.063
318,0.000,0.000,0.000,0.078,45.502,0.208,0.185,0.636,0.092,0.707,1.240,48.053
319,0.000,0.000,0.000,0.195,44.939,0.119,0.196,0.511,0.088,0.833,1.489,47.650
320,0.000,0.000,0.000,0.097,44.081,0.122,0.204,0.524,0.100,1.069,1.707,46.956
321,0.000,0.000,0.000,0.084,43.998,0.104,0.177,0.418,0.105,1.320,1.945,46.964
322,0.000,0.000,0.000,0.102,45.288,0.123,0.181,0.383,0.307,0.846,1.527,48.054
323,0.000,0.000,0.000,0.099,43.687,0.051,0.195,0.218,0.074,0.781,1.397,45.816
324,0.000,0.000,0.000,0.080,44.206,0.048,0.203,0.213,0.080,0.746,1.323,46.246
325,0.000,0.000,0.000,0.078,44.022,0.117,0.188,0.397,0.080,0.789,1.331,46.312
326,0.000,0.000,0.000,0.081,44.060,0.118,0.187,0.319,0.087,1.049,1.615,46.571
327,0.000,0.000,0.000,0.079,46.089,0.173,0.161,0.400,0.079,0.776,1.336,48.419
328,0.000,0.000,0.000,0.117,45.092,0.113,0.177,0.359,0.126,0.887,1.851,47.976
329,0.000,0.000,0.000,0.091,43.882,0.120,0.193,0.396,0.072,0.751,1.307,46.153
330,0.000,0.000,0.000,0.121,43.931,0.110,0.194,0.442,0.115,1.032,1.677,46.728
331,0.000,0.000,0.000,0.103,45.234,0.199,0.231,0.362,0.087,0.919,1.483,47.800
332,0.000,0.000,0.000,0.115,44.661,0.109,0.175,0.361,0.084,1.158,1.775,47.386
333,0.000,0.000,0.000,0.073,46.693,0.145,0.184,0.406,0.072,0.769,1.289,48.951
334,0.000,0.000,0.000,0.085,47.838,0.107,0.174,0.353,0.103,0.747,1.355,50.111
335,0.000,0.000,0.000,0.086,52.636,0.264,0.411,0.670,0.093,0.912,1.517,55.769
336,0.000,0.000,0.000,0.091,48.570,0.102,0.190,0.453,0.122,0.876,1.534,51.208
337,0.000,0.000,0.000,0.097,50.974,0.199,0.200,0.334,0.087,0.939,1.559,53.556
338,0.000,0.000,0.000,0.096,47.819,0.101,0.175,0.277,0.080,1.124,1.787,50.563
339,0.000,0.000,0.000,0.092,46.977,0.168,0.183,0.445,0.092,0.730,1.315,49.376
340,0.000,0.000,0.000,0.089,47.629,0.169,0.211,0.565,0.097,1.355,2.084,51.012
341,0.000,0.000,0.000,0.508,47.399,0.160,0.253,0.424,0.097,1.064,1.887,50.909
342,0.000,0.000,0.000,0.093,45.337,0.099,0.238,0.501,0.079,0.882,1.527,48.027
343,0.000,0.000,0.000,0.095,44.455,0.104,0.176,0.271,0.159,1.354,2.089,47.506
344,0.000,0.000,0.000,0.080,45.456,0.119,0.181,0.411,0.109,0.720,1.269,47.756
345,0.000,0.000,0.000,0.081,48.839,0.203,0.229,0.488,0.073,0.845,1.622,51.636
346,0.000,0.000,0.000,0.098,43.654,0.096,0.173,0.371,0.089,1.095,1.829,46.582
347,0.000,0.000,0.000,0.105,47.450,0.096,0.171,0.316,0.083,1.089,1.660,50.002
348,0.000,0.000,0.000,0.081,45.084,0.099,0.172,0.288,0.077,1.003,1.564,47.468
349,0.000,0.000,0.000,0.092,45.792,0.115,0.266,0.577,0.067,0.724,1.249,48.299
350,0.000,0.000,0.000,0.103,45.621,0.105,0.185,0.293,0.084,1.477,2.262,48.754
351,0.000,0.000,0.000,0.082,45.777,0.098,0.169,0.303,0.085,0.818,1.446,48.080
352,0.000,0.000,0.000,0.079,47.333,0.196,0.219,0.347,0.079,0.760,1.332,49.712
353,0.000,0.000,0.000,0.114,45.678,0.100,0.173,0.264,0.073,1.049,1.907,48.478
354,0.000,0.000,0.000,0.257,48.753,0.114,0.160,0.504,0.091,0.864,1.609,51.637
355,0.000,0.000,0.000,0.143,49.019,0.101,0.174,0.383,0.097,1.408,2.985,53.091
356,0.000,0.000,0.000,0.076,49.313,0.097,0.173,0.350,0.076,0.796,1.329,51.505
357,0.000,0.000,0.000,0.095,49.149,0.185,0.198,0.284,0.080,0.727,1.261,51.346
358,0.000,0.000,0.000,0.092,48.692,0.104,0.179,0.335,0.075,0.766,1.382,51.054
359,0.000,0.000,0.000,0.088,50.300,0.117,0.151,0.415,0.110,0.925,1.468,52.783
360,0.000,0.000,0.000,0.091,49.377,0.215,0.162,0.322,0.067,0.773,1.333,51.694
361,0.000,0.000,0.000,0.262,49.170,0.160,0.213,0.442,0.099,0.890,1.480,51.953
362,0.000,0.000,0.000,0.104,45.049,0.094,0.143,0.279,0.078,1.041,1.650,47.498
363,0.000,0.000,0.000,0.087,50.681,0.180,0.242,0.411,0.073,0.748,1.304,53.115
364,0.000,0.000,0.000,0.087,47.466,0.176,0.183,0.371,0.081,0.748,1.333,49.801
365,0.000,0.000,0.000,0.097,47.375,0.128,0.357,0.628,0.070,0.814,1.420,50.171
366,0.000,0.000,0.000,0.157,46.338,0.099,0.159,0.517,0.086,0.862,1.486,49.019
367,0.000,0.000,0.000,0.095,45.967,0.117,0.175,0.444,0.094,1.497,2.395,49.405
368,0.000,0.000,0.000,0.093,46.179,0.155,0.192,0.391,0.083,0.931,1.482,48.701
369,0.000,0.000,0.000,0.105,45.401,0.129,0.177,0.271,0.085,0.850,1.738,48.032
370,0.000,0.000,0.000,0.088,45.843,0.099,0.174,0.297,0.084,1.030,1.570,48.245
371,0.000,0.000,0.000,0.094,48.585,0.123,0.181,0.286,0.086,0.960,1.538,50.990
372,0.000,0.000,0.000,0.097,45.968,0.095,0.169,0.277,0.076,0.727,1.344,48.116
373,0.000,0.000,0.000,0.091,47.520,0.183,0.374,0.532,0.076,0.903,1.451,50.314
374,0.000,0.000,0.000,0.100,49.957,0.175,0.373,0.463,0.079,0.745,1.350,52.618
375,0.000,0.000,0.000,0.133,47.652,0.124,0.178,0.263,0.076,0.761,1.464,50.000
376,0.000,0.000,0.000,0.116,51.281,0.094,0.205,0.384,0.094,1.371,2.106,54.397
377,0.000,0.000,0.000,0.092,48.679,0.114,0.153,0.408,0.115,0.779,1.386,51.100
378,0.000,0.000,0.000,0.105,48.108,0.097,0.171,0.377,0.077,0.748,1.333,50.399
379,0.000,0.000,0.000,0.126,50.221,0.287,0.226,0.489,0.096,1.342,2.162,53.771
380,0.000,0.000,0.000,0.085,46.626,0.106,0.210,0.318,0.085,0.842,1.477,49.020
381,0.000,0.000,0.000,0.088,53.651,0.050,0.298,0.211,0.082,0.818,1.409,55.893
382,0.000,0.000,0.000,0.087,49.901,0.157,0.212,0.408,0.117,0.732,1.305,52.426
383,1.255,1.963,0.048,0.085,45.836,0.218,0.235,0.382,0.000,0.896,1.425,51.560
384,0.000,0.000,0.000,0.098,44.714,0.108,0.175,0.385,0.078,0.935,1.660,47.457
385,0.000,0.000,0.000,0.091,45.976,0.217,0.224,0.302,0.078,0.836,1.413,48.403
386,0.000,0.000,0.000,0.093,47.019,0.210,0.198,0.613,0.102,1.127,1.761,50.175
387,0.000,0.000,0.000,0.103,44.855,0.112,0.184,0.380,0.112,1.341,2.103,48.043
388,0.000,0.000,0.000,0.086,47.033,0.177,0.224,0.461,0.138,1.248,1.819,50.065
389,0.000,0.000,0.000,0.088,46.872,0.104,0.187,0.309,0.081,0.842,1.459,49.231
390,0.000,0.000,0.000,0.084,45.222,0.107,0.183,0.279,0.085,0.718,1.260,47.384
391,0.000,0.000,0.000,0.112,45.444,0.182,0.298,0.458,0.074,1.027,1.696,48.392
392,0.000,0.000,0.000,0.094,45.484,0.107,0.192,0.462,0.066,0.733,1.331,47.970
393,0.000,0.000,0.000,0.121,46.787,0.215,0.220,0.453,0.105,1.321,2.091,50.120
394,0.000,0.000,0.000,0.116,46.494,0.140,0.185,0.381,0.085,1.052,1.974,49.901
395,0.000,0.000,0.000,0.091,45.706,0.137,0.234,0.350,0.096,1.226,2.070,48.809
396,0.000,0.000,0.000,0.093,46.755,0.153,0.194,0.288,0.075,0.810,1.611,49.302
397,0.000,0.000,0.000,0.087,45.600,0.237,0.234,0.460,0.071,0.790,1.384,48.254
398,0.000,0.000,0.000,0.133,46.321,0.246,0.220,0.347,0.099,1.435,2.140,49.635
399,0.000,0.000,0.000,0.090,47.508,0.162,0.249,0.388,0.085,0.820,1.429,50.144
400,0.000,0.000,0.000,0.133,54.048,0.126,0.189,0.320,0.086,0.882,1.625,56.639
401,0.000,0.000,0.000,0.107,55.025,0.115,0.178,0.355,0.092,0.814,1.416,57.386
402,0.000,0.000,0.000,0.115,51.006,0.202,0.291,0.329,0.108,1.378,2.271,54.504
403,0.000,0.000,0.000,0.143,50.309,0.121,0.239,0.319,0.070,0.977,1.921,53.306
404,0.000,0.000,0.000,0.079,49.992,0.173,0.237,0.531,0.078,0.754,1.319,52.506
405,0.000,0.000,0.000,0.122,47.787,0.158,0.215,0.335,0.110,1.321,2.093,50.948
406,0.000,0.000,0.000,0.120,47.168,0.111,0.221,0.396,0.067,0.901,2.101,50.375
407,0.000,0.000,0.000,0.177,47.698,0.158,0.193,0.422,0.083,1.227,1.817,50.766
408,0.000,0.000,0.000,0.082,46.024,0.191,0.219,0.360,0.065,0.768,1.346,48.479
409,0.000,0.000,0.000,0.099,46.530,0.114,0.190,0.281,0.181,0.811,1.563,49.121
410,0.000,0.000,0.000,0.132,47.849,0.134,0.203,0.276,0.099,1.079,1.766,50.585
411,0.000,0.000,0.000,0.313,46.864,0.126,0.180,0.396,0.075,0.878,1.493,49.709
412,0.000,0.000,0.000,0.092,46.926,0.132,0.191,0.418,0.073,1.072,1.788,49.719
413,0.000,0.000,0.000,0.079,46.957,0.173,0.361,0.317,0.070,0.774,1.319,49.429
414,0.000,0.000,0.000,0.084,45.406,0.115,0.187,0.571,0.070,0.788,1.496,48.232
415,0.000,0.000,0.000,0.134,44.997,0.047,0.248,0.206,0.104,0.800,1.407,47.262
416,0.000,0.000,0.000,0.081,46.062,0.102,0.168,0.309,0.097,0.929,1.519,48.538
417,0.000,0.000,0.000,0.083,46.313,0.115,0.353,0.445,0.079,0.742,1.337,48.831
418,0.000,0.000,0.000,0.094,47.906,0.407,0.200,0.403,0.076,0.745,1.315,50.577
419,0.000,0.000,0.000,0.081,50.253,0.191,0.195,0.304,0.081,1.354,2.140,53.385
420,0.000,0.000,0.000,0.104,49.173,0.103,0.280,0.414,0.102,0.915,1.519,51.845
421,0.000,0.000,0.000,0.084,49.019,0.096,0.190,0.290,0.103,1.200,1.790,51.667
422,0.000,0.000,0.000,0.082,50.529,0.100,0.214,0.265,0.100,0.716,1.236,52.645
423,0.000,0.000,0.000,0.087,52.344,0.157,0.228,0.370,0.074,1.146,1.745,55.275
424,0.000,0.000,0.000,0.145,48.314,0.096,0.174,0.367,0.074,1.057,1.819,51.165
425,0.000,0.000,0.000,0.110,49.269,0.097,0.171,0.365,0.079,0.779,1.415,51.669
426,0.000,0.000,0.000,0.078,47.674,0.106,0.192,0.373,0.073,0.794,1.359,49.985
427,0.000,0.000,0.000,0.113,47.686,0.090,0.170,0.279,0.078,0.724,1.268,49.781
428,0.000,0.000,0.000,0.077,47.882,0.098,0.198,0.274,0.071,0.802,1.332,50.041
429,0.000,0.000,0.000,0.081,49.426,0.144,0.182,0.367,0.070,0.949,1.482,51.865
430,0.000,0.000,0.000,0.098,46.912,0.120,0.347,0.439,0.077,0.920,1.590,49.837
431,0.000,0.000,0.000,0.134,47.212,0.117,0.180,0.395,0.073,1.080,1.691,49.943
432,0.000,0.000,0.000,0.083,47.788,0.192,0.218,0.434,0.107,1.306,2.077,51.144
433,0.000,0.000,0.000,0.100,46.874,0.122,0.211,0.331,0.084,0.801,1.415,49.290
434,0.000,0.000,0.000,0.083,47.519,0.140,0.257,0.331,0.093,1.357,2.169,50.791
435,0.000,0.000,0.000,0.089,47.128,0.170,0.266,0.311,0.109,1.217,2.120,50.372
436,0.000,0.000,0.000,0.095,45.481,0.110,0.214,0.346,0.075,0.735,1.421,47.929
437,0.000,0.000,0.000,0.085,45.694,0.104,0.173,0.366,0.109,0.743,1.296,47.925
438,0.000,0.000,0.000,0.086,47.544,0.155,0.235,0.441,0.083,0.762,1.563,50.292
439,0.000,0.000,0.000,0.079,50.380,0.542,0.250,0.358,0.072,1.104,1.674,53.530
440,0.000,0.000,0.000,0.088,50.427,0.138,0.314,0.340,0.218,0.773,1.408,53.247
441,0.000,0.000,0.000,0.144,48.717,0.116,0.182,0.355,0.103,1.323,2.164,51.920
442,0.000,0.000,0.000,0.086,48.521,0.098,0.180,0.333,0.081,1.108,1.829,51.225
443,0.000,0.000,0.000,0.080,49.929,0.117,0.194,0.533,0.074,0.767,1.320,52.377
444,0.000,0.000,0.000,0.143,47.748,0.206,0.235,0.404,0.097,1.303,2.251,51.214
445,0.000,0.000,0.000,0.111,47.904,0.096,0.165,0.377,0.067,1.460,2.320,51.292
446,0.000,0.000,0.000,0.082,49.467,0.207,0.192,0.285,0.075,0.725,1.303,51.742
447,0.000,0.000,0.000,0.116,48.593,0.109,0.263,0.319,0.105,1.062,1.806,51.534
448,1.642,1.683,0.056,0.211,47.034,0.182,0.244,0.395,0.000,1.335,1.950,53.533
449,0.000,0.000,0.000,0.116,43.319,0.116,0.199,0.359,0.103,1.421,2.242,46.577
450,0.000,0.000,0.000,0.085,44.644,0.135,0.192,0.377,0.094,1.533,2.456,48.219
451,0.000,0.000,0.000,0.085,42.869,0.103,0.172,0.418,0.114,1.346,2.437,46.324
452,0.000,0.000,0.000,0.084,42.603,0.125,0.208,0.443,0.129,1.371,2.274,46.055
453,0.000,0.000,0.000,0.115,41.108,0.053,0.212,0.213,0.083,0.880,1.515,43.420
454,0.000,0.000,0.000,0.078,42.568,0.149,0.230,0.415,0.080,0.824,1.373,44.994
455,0.000,0.000,0.000,0.095,40.706,0.123,0.187,0.340,0.092,0.791,1.423,43.152
456,0.000,0.000,0.000,0.078,40.220,0.225,0.244,0.416,0.074,0.769,1.319,42.680
457,0.000,0.000,0.000,0.169,43.043,0.143,0.224,0.446,0.119,1.355,2.084,46.355
458,0.000,0.000,0.000,0.102,40.627,0.107,0.162,0.351,0.094,0.772,1.366,42.934
459,0.000,0.000,0.000,0.090,42.483,0.120,0.157,0.366,0.087,0.711,1.260,44.665
460,0.000,0.000,0.000,0.082,40.939,0.162,0.255,0.615,0.080,1.012,1.719,44.015
461,0.000,0.000,0.000,0.101,40.618,0.233,0.232,0.584,0.100,1.423,2.238,44.235
462,0.000,0.000,0.000,0.107,40.883,0.117,0.203,0.287,0.085,0.800,1.446,43.232
463,0.000,0.000,0.000,0.107,42.721,0.142,0.210,0.319,0.076,0.766,1.382,45.052
464,0.000,0.000,0.000,0.107,41.324,0.288,0.210,0.367,0.071,1.154,1.867,44.406
465,0.000,0.000,0.000,0.126,41.679,0.121,0.178,0.415,0.092,1.234,1.886,44.624
466,0.000,0.000,0.000,0.110,43.516,0.119,0.217,0.568,0.099,1.419,2.191,46.946
467,0.000,0.000,0.000,0.128,48.192,0.097,0.149,0.424,0.110,0.858,1.437,50.660
468,0.000,0.000,0.000,0.107,47.456,0.090,0.176,0.301,0.074,0.917,1.598,49.894
469,0.000,0.000,0.000,0.115,45.972,0.105,0.156,0.272,0.090,1.157,1.832,48.658
470,0.000,0.000,0.000,0.091,44.844,0.122,0.363,0.434,0.079,0.796,1.353,47.379
471,1.508,1.721,0.049,0.101,41.759,0.110,0.176,0.425,0.000,0.915,1.436,47.617
472,0.000,0.000,0.000,0.127,43.672,0.110,0.152,0.416,0.275,1.392,2.409,47.450
473,0.000,0.000,0.000,0.157,43.029,0.097,0.176,0.358,0.104,1.370,2.149,46.238
474,0.000,0.000,0.000,0.084,43.339,0.115,0.241,0.431,0.085,0.997,1.547,45.939
475,0.000,0.000,0.000,0.103,47.283,0.110,0.174,0.413,0.097,0.752,1.392,49.790
476,0.000,0.000,0.000,0.079,44.841,0.208,0.271,0.511,0.082,0.761,1.331,47.469
477,0.000,0.000,0.000,0.110,42.948,0.108,0.150,0.284,0.098,1.306,1.991,45.803
478,0.000,0.000,0.000,0.114,42.596,0.101,0.158,0.310,0.085,0.717,1.311,44.825
479,0.000,0.000,0.000,0.110,44.701,0.110,0.195,0.504,0.073,1.335,2.140,47.988
480,0.000,0.000,0.000,0.099,43.183,0.118,0.196,0.455,0.087,0.894,1.475,45.723
481,0.000,0.000,0.000,0.082,43.371,0.109,0.173,0.407,0.099,0.787,1.371,45.749
482,0.000,0.000,0.000,0.087,43.110,0.224,0.192,0.552,0.076,0.931,1.513,45.904
483,0.000,0.000,0.000,0.089,44.698,0.071,0.279,0.220,0.085,0.936,1.634,47.228
484,0.000,0.000,0.000,0.084,45.385,0.113,0.224,0.274,0.128,0.841,1.773,48.280
485,0.000,0.000,0.000,0.087,43.589,0.151,0.219,0.269,0.090,1.237,1.827,46.389
486,0.000,0.000,0.000,0.091,43.678,0.161,0.221,0.552,0.102,1.374,2.240,47.173
487,0.000,0.000,0.000,0.086,42.946,0.106,0.190,0.418,0.084,0.783,1.382,45.335
488,0.000,0.000,0.000,0.112,44.391,0.120,0.178,0.563,0.110,1.346,2.078,47.738
489,0.000,0.000,0.000,0.085,49.450,0.219,0.204,0.386,0.096,0.943,1.583,52.129
490,0.000,0.000,0.000,0.223,51.417,0.051,0.299,0.218,0.070,0.913,1.775,54.287
491,0.000,0.000,0.000,0.104,48.571,0.220,0.308,0.405,0.085,1.134,1.993,51.936
492,0.000,0.000,0.000,0.089,48.880,0.174,0.279,0.390,0.076,1.083,1.725,51.766
493,0.000,0.000,0.000,0.092,47.116,0.126,0.224,0.425,0.124,1.425,2.208,50.465
494,0.000,0.000,0.000,0.113,47.059,0.165,0.248,0.535,0.102,1.332,2.061,50.453
495,0.000,0.000,0.000,0.103,46.724,0.268,0.309,0.589,0.179,1.339,2.672,51.084
496,0.000,0.000,0.000,0.091,51.840,0.209,0.220,0.282,0.095,1.469,2.301,55.285
497,0.000,0.000,0.000,0.215,44.732,0.122,0.192,0.319,0.077,0.807,1.424,47.301
498,0.000,0.000,0.000,0.114,44.806,0.097,0.153,0.354,0.094,0.805,1.449,47.252
499,0.000,0.000,0.000,0.120,49.633,0.192,0.231,0.340,0.090,1.189,2.082,52.825
500,0.000,0.000,0.000,0.179,44.131,0.128,0.201,0.475,0.085,0.809,1.411,46.711
501,1.498,1.639,0.047,0.079,42.163,0.124,0.203,0.548,0.000,0.888,1.373,47.809
502,0.000,0.000,0.000,0.119,43.864,0.119,0.181,0.412,0.106,1.193,1.817,46.738
503,0.000,0.000,0.000,0.097,43.966,0.180,0.303,0.475,0.219,0.818,1.425,46.812
504,0.000,0.000,0.000,0.128,44.788,0.108,0.177,0.489,0.091,0.849,1.487,47.379
505,0.000,0.000,0.000,0.094,41.088,0.048,0.192,0.205,0.073,1.344,2.099,43.974
506,0.000,0.000,0.000,0.086,40.565,0.108,0.313,0.589,0.084,0.758,1.385,43.245
507,0.000,0.000,0.000,0.113,41.133,0.149,0.207,0.359,0.113,1.001,1.661,43.906
508,0.000,0.000,0.000,0.249,40.281,0.106,0.150,0.426,0.099,0.913,1.570,43.132
509,0.000,0.000,0.000,0.088,40.566,0.112,0.147,0.456,0.201,0.713,1.291,42.962
510,0.000,0.000,0.000,0.081,40.893,0.111,0.145,0.368,0.106,1.261,1.821,43.624
511,0.000,0.000,0.000,0.081,40.364,0.099,0.168,0.368,0.073,0.861,1.475,42.743
512,0.000,0.000,0.000,0.074,40.624,0.091,0.171,0.293,0.069,0.754,1.282,42.702
513,0.000,0.000,0.000,0.096,43.378,0.224,0.219,0.325,0.090,0.999,1.535,45.972
514,0.000,0.000,0.000,0.107,41.502,0.125,0.179,0.335,0.070,0.800,1.465,43.880
515,0.000,0.000,0.000,0.099,41.347,0.103,0.158,0.415,0.112,1.357,2.105,44.512
516,0.000,0.000,0.000,0.104,44.418,0.115,0.318,0.559,0.090,1.160,1.766,47.509
517,0.000,0.000,0.000,0.114,45.600,0.263,0.256,0.610,0.077,1.103,1.960,48.984
518,0.000,0.000,0.000,0.090,43.149,0.103,0.186,0.465,0.080,0.841,1.486,45.677
519,0.000,0.000,0.000,0.125,40.978,0.102,0.182,0.276,0.107,1.319,2.067,43.971
520,0.000,0.000,0.000,0.191,45.483,0.178,0.190,0.488,0.086,1.025,1.627,48.351
521,0.000,0.000,0.000,0.093,49.406,0.100,0.150,0.299,0.090,0.832,1.435,51.676
522,0.000,0.000,0.000,0.082,46.015,0.111,0.177,0.425,0.082,1.055,1.695,48.688
523,0.000,0.000,0.000,0.122,45.994,0.116,0.193,0.360,0.093,0.846,1.472,48.467
524,0.000,0.000,0.000,0.092,45.757,0.119,0.220,0.405,0.072,1.307,2.074,48.857
525,0.000,0.000,0.000,0.110,46.224,0.123,0.244,0.280,0.077,0.777,1.370,48.530
526,0.000,0.000,0.000,0.103,44.397,0.092,0.172,0.278,0.082,0.927,1.532,46.790
527,0.000,0.000,0.000,0.092,43.873,0.114,0.175,0.359,0.074,1.100,1.708,46.483
528,0.000,0.000,0.000,0.085,45.097,0.207,0.224,0.469,0.074,0.758,1.281,47.534
529,0.000,0.000,0.000,0.093,43.820,0.126,0.186,0.387,0.072,0.849,1.409,46.200
530,0.000,0.000,0.000,0.105,43.509,0.107,0.176,0.376,0.089,0.936,1.562,46.037
531,0.000,0.000,0.000,0.080,45.026,0.142,0.164,0.308,0.118,1.424,2.248,48.211
532,0.000,0.000,0.000,0.101,46.127,0.182,0.303,0.356,0.070,0.721,1.327,48.561
533,0.000,0.000,0.000,0.254,43.236,0.108,0.194,0.484,0.082,0.809,1.451,45.912
534,0.000,0.000,0.000,0.133,43.875,0.113,0.206,0.481,0.087,0.882,1.707,46.769
535,0.000,0.000,0.000,0.105,44.168,0.104,0.152,0.347,0.097,0.752,1.332,46.414
536,0.000,0.000,0.000,0.094,43.282,0.094,0.185,0.294,0.083,1.089,1.664,45.794
537,0.000,0.000,0.000,0.083,43.166,0.154,0.213,0.390,0.106,0.719,1.278,45.485
538,1.337,1.339,0.047,0.083,43.489,0.190,0.218,0.436,0.000,0.889,1.381,48.635
539,0.000,0.000,0.000,0.113,42.637,0.111,0.172,0.396,0.166,1.405,2.245,45.976
540,0.000,0.000,0.000,0.105,43.338,0.105,0.181,0.328,0.084,0.734,1.349,45.608
541,0.000,0.000,0.000,0.116,42.755,0.050,0.194,0.214,0.081,1.363,2.201,45.818
542,0.000,0.000,0.000,0.094,43.017,0.109,0.203,0.277,0.079,0.803,1.403,45.304
543,0.000,0.000,0.000,0.103,45.204,0.198,0.247,0.454,0.078,0.821,1.400,47.776
544,0.000,0.000,0.000,0.120,42.717,0.097,0.146,0.247,0.095,1.407,2.246,45.884
545,0.000,0.000,0.000,0.091,48.735,0.145,0.230,0.504,0.097,0.720,1.269,51.162
546,0.000,0.000,0.000,0.084,42.938,0.101,0.173,0.371,0.110,0.733,1.298,45.177
547,0.000,0.000,0.000,0.085,43.033,0.106,0.174,0.403,0.075,0.994,1.538,45.569
548,0.000,0.000,0.000,0.088,45.163,0.130,0.198,0.430,0.075,1.016,1.565,47.781
549,0.000,0.000,0.000,0.086,45.184,0.160,0.244,0.548,0.071,1.121,1.770,48.239
550,0.000,0.000,0.000,0.109,45.988,0.119,0.246,0.308,0.098,1.156,1.983,48.983
551,0.000,0.000,0.000,0.095,42.905,0.097,0.168,0.391,0.098,1.341,2.061,45.984
552,0.000,0.000,0.000,0.106,43.303,0.151,0.198,0.265,0.088,1.361,2.186,46.442
553,0.000,0.000,0.000,0.117,43.528,0.112,0.208,0.485,0.104,1.270,2.112,46.829
554,0.000,0.000,0.000,0.090,43.246,0.114,0.179,0.431,0.092,1.102,1.682,45.933
555,0.000,0.000,0.000,0.092,43.534,0.099,0.176,0.372,0.078,1.276,1.999,46.478
556,0.000,0.000,0.000,0.124,51.953,0.296,0.254,0.443,0.080,1.520,2.451,55.761
557,0.000,0.000,0.000,0.140,53.792,0.252,0.381,0.522,0.173,1.521,2.394,57.906
558,0.000,0.000,0.000,0.116,50.127,0.201,0.191,0.356,0.109,1.415,2.270,53.508
559,0.000,0.000,0.000,0.091,48.141,0.131,0.191,0.517,0.103,1.317,2.124,51.497
560,0.000,0.000,0.000,0.147,47.553,0.120,0.183,0.371,0.086,0.848,1.452,50.076
561,0.000,0.000,0.000,0.090,45.940,0.111,0.231,0.520,0.078,1.093,1.680,48.785
562,0.000,0.000,0.000,0.105,47.251,0.229,0.217,0.501,0.079,0.841,1.418,49.944
563,0.000,0.000,0.000,0.121,44.653,0.116,0.198,0.346,0.070,0.863,1.815,47.420
564,0.000,0.000,0.000,0.111,49.159,0.191,0.215,0.458,0.128,0.799,1.433,51.846
565,0.000,0.000,0.000,0.109,45.657,0.117,0.197,0.326,0.088,1.204,1.902,48.554
566,0.000,0.000,0.000,0.089,43.264,0.104,0.148,0.373,0.197,1.443,2.234,46.606
567,0.000,0.000,0.000,0.169,45.125,0.097,0.182,0.385,0.083,0.769,1.317,47.552
568,0.000,0.000,0.000,0.085,44.954,0.118,0.183,0.405,0.075,0.903,1.476,47.423
569,0.000,0.000,0.000,0.079,48.877,0.230,0.250,0.513,0.073,0.775,1.358,51.486
570,0.000,0.000,0.000,0.097,45.635,0.111,0.198,0.517,0.080,1.057,1.711,48.545
571,0.000,0.000,0.000,0.160,51.745,0.237,0.223,0.492,0.089,0.801,1.388,54.552
572,0.000,0.000,0.000,0.111,46.906,0.130,0.214,0.281,0.090,1.366,2.134,50.024
573,0.000,0.000,0.000,0.106,45.021,0.164,0.229,0.644,0.114,0.741,1.324,47.705
574,0.000,0.000,0.000,0.113,49.770,0.175,0.222,0.303,0.097,0.771,1.610,52.487
575,0.000,0.000,0.000,0.093,47.243,0.168,0.245,0.407,0.079,0.724,1.297,49.627
576,0.000,0.000,0.000,0.181,47.303,0.111,0.207,0.381,0.073,0.722,1.315,49.792
577,0.000,0.000,0.000,0.121,50.496,0.149,0.344,0.455,0.096,1.428,2.147,54.009
578,0.000,0.000,0.000,0.118,51.445,0.109,0.182,0.322,0.079,0.824,1.397,53.838
579,0.000,0.000,0.000,0.102,48.188,0.115,0.178,0.345,0.099,0.793,1.488,50.649
580,0.000,0.000,0.000,0.089,51.786,0.223,0.208,0.395,0.090,0.721,1.282,54.231
581,0.000,0.000,0.000,0.087,49.322,0.353,0.264,0.429,0.078,0.762,1.371,52.003
582,0.000,0.000,0.000,0.097,48.097,0.118,0.173,0.429,0.077,1.349,2.047,51.158
583,0.000,0.000,0.000,0.079,49.073,0.054,0.314,0.224,0.075,0.754,1.280,51.197
584,1.301,1.631,0.049,0.080,43.987,0.128,0.260,0.644,0.000,0.879,1.367,49.555
585,0.000,0.000,0.000,0.122,42.991,0.105,0.177,0.415,0.101,0.951,1.633,45.691
586,0.000,0.000,0.000,0.093,45.091,0.186,0.261,0.395,0.095,1.002,1.591,47.827
587,0.000,0.000,0.000,0.131,45.607,0.176,0.217,0.393,0.115,1.111,1.975,48.771
588,0.000,0.000,0.000,0.090,45.627,0.116,0.185,0.355,0.102,1.128,1.808,48.401
589,0.000,0.000,0.000,0.091,44.340,0.104,0.172,0.390,0.069,0.824,1.426,46.692
590,0.000,0.000,0.000,0.085,43.655,0.195,0.239,0.387,0.078,0.750,1.284,46.059
591,0.000,0.000,0.000,0.095,45.555,0.167,0.235,0.406,0.088,1.297,2.117,48.827
592,0.000,0.000,0.000,0.082,45.634,0.203,0.259,0.465,0.085,0.827,1.412,48.331
593,0.000,0.000,0.000,0.122,42.785,0.126,0.160,0.420,0.089,0.905,1.761,45.686
594,0.000,0.000,0.000,0.086,45.046,0.232,0.252,0.463,0.075,0.744,1.312,47.617
595,0.000,0.000,0.000,0.162,44.191,0.121,0.177,0.580,0.078,0.880,1.497,46.991
596,0.000,0.000,0.000,0.107,46.288,0.186,0.182,0.429,0.095,1.411,2.417,49.889
597,0.000,0.000,0.000,0.095,43.906,0.162,0.246,0.342,0.081,1.257,1.911,46.925
598,0.000,0.000,0.000,0.087,43.669,0.117,0.183,0.283,0.105,1.150,1.963,46.582
599,0.000,0.000,0.000,0.106,45.119,0.211,0.290,0.600,0.097,0.946,1.553,48.123
600,0.000,0.000,0.000,0.165,43.164,0.106,0.189,0.437,0.105,1.320,2.041,46.386
601,0.000,0.000,0.000,0.117,43.328,0.107,0.147,0.418,0.085,0.884,1.489,45.790
602,0.000,0.000,0.000,0.098,48.232,0.221,0.178,0.467,0.091,0.947,1.556,50.986
603,0.000,0.000,0.000,0.095,53.765,0.135,0.201,0.423,0.091,0.838,1.534,56.384
604,0.000,0.000,0.000,0.082,49.826,0.113,0.198,0.392,0.073,0.988,1.597,52.383
605,0.000,0.000,0.000,0.088,48.517,0.184,0.191,0.362,0.108,0.786,1.366,50.977
606,0.000,0.000,0.000,0.090,50.870,0.154,0.217,0.440,0.107,0.810,1.337,53.356
607,0.000,0.000,0.000,0.088,48.253,0.133,0.202,0.594,0.092,0.783,1.688,51.262
608,0.000,0.000,0.000,0.115,49.450,0.198,0.222,0.527,0.169,0.813,1.456,52.318
609,0.000,0.000,0.000,0.144,45.783,0.207,0.226,0.377,0.081,1.053,1.807,48.913
610,0.000,0.000,0.000,0.130,47.505,0.220,0.220,0.521,0.072,1.205,1.997,50.931
611,0.000,0.000,0.000,0.125,45.784,0.096,0.157,0.261,0.086,0.818,1.443,48.059
612,0.000,0.000,0.000,0.087,48.342,0.185,0.228,0.512,0.077,0.712,1.272,50.796
613,0.000,0.000,0.000,0.097,46.635,0.098,0.149,0.295,0.095,1.417,2.259,49.868
614,0.000,0.000,0.000,0.085,47.754,0.169,0.157,0.353,0.116,0.812,1.394,50.246
615,0.000,0.000,0.000,0.153,44.724,0.097,0.188,0.388,0.068,0.785,1.336,47.161
616,0.000,0.000,0.000,0.086,46.338,0.119,0.181,0.379,0.168,1.350,2.072,49.530
617,1.187,1.573,0.049,0.079,41.506,0.166,0.237,0.499,0.000,0.868,1.318,46.728
618,0.000,0.000,0.000,0.095,42.344,0.131,0.192,0.285,0.087,1.464,2.162,45.548
619,0.000,0.000,0.000,0.627,41.183,0.097,0.175,0.297,0.069,1.023,1.567,44.165
620,0.000,0.000,0.000,0.108,42.851,0.128,0.205,0.574,0.102,1.314,1.994,46.089
621,0.000,0.000,0.000,0.141,42.390,0.121,0.182,0.263,0.089,1.156,1.948,45.237
622,0.000,0.000,0.000,0.143,41.745,0.137,0.199,0.415,0.097,1.397,2.271,45.131
623,0.000,0.000,0.000,0.104,41.314,0.102,0.177,0.433,0.072,0.834,1.404,43.728
624,0.000,0.000,0.000,0.152,42.366,0.154,0.212,0.562,0.277,1.013,1.708,45.613
625,0.000,0.000,0.000,0.083,40.940,0.103,0.189,0.451,0.121,1.359,2.178,44.213
626,0.000,0.000,0.000,0.073,41.500,0.144,0.185,0.315,0.072,0.941,1.444,43.826
627,0.000,0.000,0.000,0.094,41.047,0.107,0.192,0.432,0.073,0.759,1.356,43.392
628,0.000,0.000,0.000,0.136,42.692,0.117,0.211,0.428,0.087,0.956,1.542,45.310
629,0.000,0.000,0.000,0.150,43.534,0.133,0.189,0.331,0.090,1.405,2.328,46.903
630,0.000,0.000,0.000,0.085,45.427,0.192,0.331,0.441,0.075,0.796,1.381,48.033
631,0.000,0.000,0.000,0.125,45.984,0.157,0.232,0.392,0.086,0.846,1.745,48.910
632,0.000,0.000,0.000,0.088,43.556,0.154,0.243,0.412,0.067,0.785,1.397,46.015
633,0.000,0.000,0.000,0.129,41.134,0.126,0.159,0.340,0.104,1.077,1.701,43.843
634,0.000,0.000,0.000,0.102,44.137,0.166,0.238,0.449,0.079,1.156,1.785,47.086
635,0.000,0.000,0.000,0.084,41.481,0.107,0.145,0.351,0.359,1.208,1.995,44.746
636,0.000,0.000,0.000,0.087,51.599,0.163,0.209,0.333,0.107,1.069,1.682,54.303
637,0.000,0.000,0.000,0.088,50.233,0.174,0.238,0.538,0.091,0.955,1.567,53.039
638,0.000,0.000,0.000,0.136,46.834,0.132,0.186,0.429,0.085,0.788,1.420,49.401
639,0.000,0.000,0.000,0.094,45.094,0.107,0.172,0.302,0.073,0.822,1.420,47.356
640,0.000,0.000,0.000,0.135,45.310,0.225,0.190,0.260,0.075,1.484,2.361,48.646
641,0.000,0.000,0.000,0.085,43.394,0.097,0.181,0.315,0.073,0.768,1.307,45.541
642,0.000,0.000,0.000,0.087,45.098,0.100,0.173,0.352,0.077,1.023,1.593,47.575
643,0.000,0.000,0.000,0.166,44.683,0.099,0.175,0.273,0.087,1.082,1.681,47.394
644,0.000,0.000,0.000,0.163,45.644,0.111,0.151,0.388,0.094,1.375,2.148,48.812
645,0.000,0.000,0.000,0.087,43.007,0.115,0.191,0.547,0.212,1.401,2.234,46.578
646,0.000,0.000,0.000,0.108,43.060,0.104,0.174,0.383,0.092,0.716,1.357,45.426
647,0.000,0.000,0.000,0.088,43.258,0.105,0.170,0.379,0.070,0.719,1.240,45.398
648,0.000,0.000,0.000,0.084,45.170,0.160,0.226,0.316,0.105,0.693,1.213,47.364
649,0.000,0.000,0.000,0.084,44.384,0.134,0.203,0.378,0.074,0.702,1.259,46.755
650,0.000,0.000,0.000,0.104,42.786,0.093,0.138,0.317,0.082,0.805,1.451,45.157
651,0.000,0.000,0.000,0.089,42.733,0.108,0.176,0.413,0.076,0.743,1.300,44.982
652,0.000,0.000,0.000,0.095,41.572,0.102,0.200,0.389,0.122,0.818,1.393,43.970
653,0.000,0.000,0.000,0.083,45.487,0.167,0.217,0.419,0.088,1.149,1.734,48.298
654,0.000,0.000,0.000,0.317,46.462,0.130,0.181,0.429,0.078,0.800,1.350,49.088
655,0.000,0.000,0.000,0.109,45.046,0.106,0.174,0.402,0.108,0.986,1.543,47.585
656,0.000,0.000,0.000,0.110,48.059,0.092,0.145,0.257,0.074,1.022,1.629,50.458
657,0.000,0.000,0.000,0.102,47.571,0.100,0.193,0.445,0.083,0.710,1.278,49.867
658,0.000,0.000,0.000,0.098,50.991,0.158,0.232,0.294,0.088,0.785,1.397,53.399
659,0.000,0.000,0.000,0.205,48.891,0.134,0.183,0.411,0.076,0.770,1.423,51.505
660,0.000,0.000,0.000,0.092,50.372,0.185,0.221,0.557,0.072,0.792,1.384,52.985
661,0.000,0.000,0.000,0.101,50.077,0.147,0.211,0.401,0.072,0.751,1.394,52.593
662,0.000,0.000,0.000,0.085,48.579,0.111,0.173,0.395,0.100,0.784,1.359,50.985
663,0.000,0.000,0.000,0.087,47.079,0.097,0.173,0.294,0.086,0.831,1.411,49.320
664,0.000,0.000,0.000,0.086,49.818,0.195,0.218,0.457,0.076,0.989,1.577,52.546
665,0.000,0.000,0.000,0.095,51.117,0.158,0.196,2.920,0.096,1.063,1.642,56.328
666,1.503,1.612,0.048,0.090,43.256,0.112,0.160,0.315,0.000,0.912,1.470,48.675
667,0.000,0.000,0.000,0.373,43.223,0.104,0.165,0.337,0.077,1.104,1.964,46.426
668,0.000,0.000,0.000,0.084,45.219,0.154,0.213,0.486,0.091,0.907,1.467,47.821
669,0.000,0.000,0.000,0.101,45.577,0.172,0.213,0.549,0.102,1.130,1.882,48.919
670,0.000,0.000,0.000,0.163,44.462,0.068,0.215,0.221,0.090,0.801,1.489,46.863
671,0.000,0.000,0.000,0.119,43.375,0.103,0.169,0.405,0.110,1.297,2.019,46.422
672,0.000,0.000,0.000,0.108,44.969,0.192,0.220,0.601,0.106,0.773,1.384,47.724
673,0.000,0.000,0.000,0.084,45.349,0.113,0.361,0.496,0.100,0.796,1.388,48.011
674,0.000,0.000,0.000,0.090,44.648,0.105,0.192,0.556,0.081,0.780,1.391,47.223
675,0.000,0.000,0.000,0.083,45.108,0.150,0.232,0.366,0.094,0.966,1.542,47.693
676,0.000,0.000,0.000,0.106,45.374,0.166,0.219,0.301,0.071,0.831,1.398,47.854
677,0.000,0.000,0.000,0.116,46.447,0.168,0.236,0.463,0.077,0.834,1.467,49.119
678,0.000,0.000,0.000,0.143,44.594,0.101,0.145,0.271,0.091,1.369,2.435,48.002
679,0.000,0.000,0.000,0.108,43.766,0.095,0.174,0.253,0.075,0.844,1.411,46.007
680,0.000,0.000,0.000,0.088,48.141,0.244,0.182,0.489,0.069,0.724,1.288,50.589
681,0.000,0.000,0.000,0.086,45.367,0.133,0.260,0.423,0.105,0.897,1.506,48.004
682,0.000,0.000,0.000,0.102,46.567,0.106,0.174,0.329,0.072,0.920,1.504,48.984
683,0.000,0.000,0.000,0.125,46.277,0.114,0.201,0.379,0.074,0.894,1.449,48.752
684,0.000,0.000,0.000,0.118,53.945,0.116,0.182,0.298,0.106,1.522,2.232,57.118
685,0.000,0.000,0.000,0.084,52.177,0.197,0.226,0.474,0.076,0.809,1.368,54.743
686,0.000,0.000,0.000,0.085,53.046,0.199,0.210,0.412,0.174,1.528,2.305,56.644
687,0.000,0.000,0.000,0.313,46.887,0.109,0.292,0.631,0.086,0.734,1.528,50.033
688,0.000,0.000,0.000,0.125,46.062,0.132,0.215,0.367,0.107,1.380,2.137,49.335
689,0.000,0.000,0.000,0.083,47.844,0.606,0.351,0.565,0.088,1.088,1.655,51.299
690,0.000,0.000,0.000,0.123,45.423,0.053,0.208,0.323,0.107,1.383,2.310,48.723
691,0.000,0.000,0.000,0.094,45.399,0.107,0.194,0.317,0.363,1.528,2.286,49.020
692,0.000,0.000,0.000,0.098,47.120,0.447,0.277,0.421,0.081,0.863,1.495,50.077
693,0.000,0.000,0.000,0.097,43.637,0.118,0.195,0.412,0.078,0.900,1.507,46.153
694,0.000,0.000,0.000,0.082,47.741,0.148,0.205,0.543,0.079,0.796,1.368,50.305
695,0.000,0.000,0.000,0.136,47.726,0.149,0.211,0.428,0.106,1.304,2.171,51.065
696,0.000,0.000,0.000,0.118,46.401,0.150,0.202,0.309,0.102,0.806,1.442,48.974
697,0.000,0.000,0.000,0.164,46.693,0.111,0.182,0.250,0.106,0.947,1.611,49.431
698,0.000,0.000,0.000,0.094,45.194,0.101,0.164,0.493,0.073,0.752,1.331,47.593
699,0.000,0.000,0.000,0.118,45.829,0.112,0.187,0.373,0.086,0.741,1.312,48.121
700,0.000,0.000,0.000,0.081,45.627,0.112,0.216,0.394,0.097,1.300,2.083,48.725
701,0.000,0.000,0.000,0.094,46.458,0.117,0.215,0.447,0.080,0.727,1.328,48.887
702,0.000,0.000,0.000,0.095,48.045,0.137,0.194,0.409,0.111,0.746,1.349,50.440
703,1.263,1.602,0.062,0.088,41.114,0.099,0.149,0.290,0.000,0.822,1.314,46.096
704,0.000,0.000,0.000,0.095,41.804,0.103,0.191,0.316,0.078,0.856,1.401,44.085
705,0.000,0.000,0.000,0.111,41.554,0.112,0.177,0.285,0.141,1.440,2.193,44.711
706,0.000,0.000,0.000,0.149,41.292,0.098,0.192,0.435,0.073,0.825,1.397,43.729
707,0.000,0.000,0.000,0.097,41.370,0.098,0.143,0.382,0.079,0.795,1.366,43.627
708,0.000,0.000,0.000,0.089,44.044,0.138,0.225,0.365,0.104,0.873,1.457,46.532
709,0.000,0.000,0.000,0.082,43.814,0.098,0.171,0.448,0.104,1.336,2.345,47.192
710,0.000,0.000,0.000,0.081,43.398,0.109,0.174,0.347,0.082,0.806,1.370,45.661
711,0.000,0.000,0.000,0.105,42.888,0.050,0.201,0.203,0.168,0.796,1.372,45.097
712,0.000,0.000,0.000,0.085,45.039,0.128,0.163,0.337,0.103,1.335,2.269,48.327
713,0.000,0.000,0.000,0.093,44.569,0.135,0.189,0.385,0.319,0.783,1.390,47.181
714,0.000,0.000,0.000,0.092,43.477,0.121,0.293,0.457,0.092,0.816,1.493,46.139
715,0.000,0.000,0.000,0.131,43.800,0.118,0.191,0.338,0.105,1.462,2.276,47.102
716,0.000,0.000,0.000,0.085,45.061,0.169,0.195,0.516,0.071,0.764,1.336,47.528
717,0.000,0.000,0.000,0.179,43.490,0.115,0.168,0.415,0.084,0.883,1.520,46.121
718,0.000,0.000,0.000,0.098,44.610,0.054,0.220,0.213,0.082,0.841,1.455,46.831
719,0.000,0.000,0.000,0.084,44.402,0.102,0.150,0.268,0.111,1.358,2.087,47.335
720,0.000,0.000,0.000,0.110,47.192,0.119,0.200,0.350,0.089,0.750,1.436,49.609
721,0.000,0.000,0.000,0.120,45.017,0.103,0.195,0.446,0.094,1.021,1.742,47.928
722,0.000,0.000,0.000,0.093,48.865,0.124,0.205,0.452,0.115,0.990,1.659,51.646
723,1.160,1.693,0.047,0.082,43.882,0.147,0.208,0.368,0.000,0.872,1.373,49.068
724,0.000,0.000,0.000,0.109,46.719,0.123,0.196,0.520,0.087,0.905,1.494,49.351
725,0.000,0.000,0.000,0.094,45.824,0.216,0.247,0.433,0.105,0.809,1.436,48.647
726,0.000,0.000,0.000,0.106,43.630,0.103,0.175,0.292,0.109,1.334,2.052,46.587
727,0.000,0.000,0.000,0.079,44.905,0.216,0.285,0.347,0.078,0.772,1.334,47.380
728,0.000,0.000,0.000,0.121,45.240,0.120,0.286,0.353,0.078,0.817,1.566,47.911
729,0.000,0.000,0.000,0.106,44.201,0.116,0.178,0.408,0.066,0.847,1.493,46.674
730,0.000,0.000,0.000,0.094,44.012,0.113,0.178,0.461,0.083,0.837,1.426,46.472
731,0.000,0.000,0.000,0.081,43.983,0.105,0.179,0.383,0.081,0.808,1.352,46.307
732,0.000,0.000,0.000,0.082,44.287,0.107,0.188,0.565,0.081,0.763,1.344,46.796
733,0.000,0.000,0.000,0.106,44.424,0.100,0.151,0.282,0.113,1.003,1.640,46.990
734,0.000,0.000,0.000,0.141,46.335,0.194,0.253,0.569,0.071,0.889,2.161,49.817
735,0.000,0.000,0.000,0.112,44.444,0.116,0.175,0.339,0.103,1.410,2.229,47.709
736,0.000,0.000,0.000,0.091,44.151,0.204,0.219,0.407,0.082,0.771,1.352,46.601
737,0.000,0.000,0.000,0.095,44.234,0.114,0.178,0.455,0.066,0.751,1.329,46.603
738,0.000,0.000,0.000,0.103,44.803,0.197,0.183,0.368,0.099,0.756,1.390,47.460
739,0.000,0.000,0.000,0.084,43.904,0.052,0.207,0.230,0.094,1.303,2.017,46.754
740,0.000,0.000,0.000,0.089,48.270,0.260,0.284,0.462,0.114,1.369,2.239,51.872
741,0.000,0.000,0.000,0.305,50.404,0.174,0.283,0.508,0.102,1.093,1.872,53.763
742,0.000,0.000,0.000,0.126,55.727,0.121,0.187,0.343,0.099,1.223,2.054,58.873
743,0.000,0.000,0.000,0.096,57.263,0.158,0.218,0.471,0.093,0.961,1.558,59.964
744,1.679,8.928,0.056,0.089,285.090,0.052,0.164,0.219,0.000,1.397,2.061,298.472
745,0.000,0.000,0.000,0.080,40.784,0.053,0.202,0.502,0.147,1.192,1.835,43.713
746,0.000,0.000,0.000,0.122,40.598,0.115,0.145,0.411,0.094,0.857,1.560,43.172
747,0.000,0.000,0.000,0.080,41.885,0.154,0.198,0.433,0.085,0.815,1.425,44.462
748,0.000,0.000,0.000,0.101,42.910,0.182,0.213,0.383,0.066,0.827,1.434,45.382
749,0.000,0.000,0.000,0.086,44.230,0.110,0.301,0.405,0.083,0.837,1.482,46.819
750,0.000,0.000,0.000,0.104,43.561,0.107,0.152,0.289,0.087,1.399,2.177,46.622
751,0.000,0.000,0.000,0.082,45.183,0.050,0.220,0.210,0.082,0.870,1.467,47.394
752,0.000,0.000,0.000,0.091,43.341,0.122,0.158,0.336,0.089,0.878,1.576,45.823
753,0.000,0.000,0.000,0.079,44.109,0.111,0.157,0.285,0.074,1.205,1.792,46.696
754,0.000,0.000,0.000,0.075,43.425,0.100,0.220,0.392,0.225,1.476,2.104,46.680
755,0.000,0.000,0.000,0.096,45.058,0.150,0.215,0.362,0.083,0.804,1.420,47.491
756,0.000,0.000,0.000,0.081,43.487,0.116,0.151,0.532,0.094,1.011,1.790,46.510
757,0.000,0.000,0.000,0.090,46.325,0.208,0.258,0.351,0.076,0.842,1.420,48.845
758,0.000,0.000,0.000,0.105,43.229,0.048,0.186,0.344,0.156,1.415,2.344,46.543
759,0.000,0.000,0.000,0.079,44.340,0.128,0.190,0.371,0.087,1.205,1.888,47.176
760,0.000,0.000,0.000,0.104,45.984,0.133,0.184,0.635,0.309,1.024,1.695,49.208
761,0.000,0.000,0.000,0.110,45.585,0.185,0.270,0.438,0.098,1.369,2.249,49.172
762,0.000,0.000,0.000,0.093,44.424,0.112,0.185,0.277,0.089,0.918,1.555,46.847
763,0.000,0.000,0.000,0.101,51.761,0.205,0.241,0.490,0.078,0.880,1.467,54.453
764,0.000,0.000,0.000,0.109,49.863,0.122,0.167,0.417,0.118,1.340,2.265,53.197
765,0.000,0.000,0.000,0.096,51.715,0.119,0.209,0.384,0.087,0.969,1.575,54.303
766,0.000,0.000,0.000,0.089,48.449,0.081,0.265,0.309,0.109,0.792,1.410,50.854
767,0.000,0.000,0.000,0.085,47.328,0.108,0.194,0.346,0.127,1.391,2.221,50.591
768,0.000,0.000,0.000,0.169,47.813,0.118,0.235,0.334,0.092,0.831,1.540,50.516
769,0.000,0.000,0.000,0.102,46.030,0.111,0.186,0.403,0.080,1.154,2.209,49.265
770,0.000,0.000,0.000,0.100,46.825,0.116,0.160,0.479,0.120,0.976,1.647,49.600
771,0.000,0.000,0.000,0.194,47.282,0.137,0.189,0.384,0.115,0.885,1.604,50.256
772,0.000,0.000,0.000,0.097,46.739,0.156,0.240,0.318,0.115,1.487,2.531,50.368
773,0.000,0.000,0.000,0.111,47.853,0.178,0.226,0.420,0.073,1.358,2.223,51.209
774,0.000,0.000,0.000,0.208,47.410,0.131,0.163,0.280,0.098,0.870,1.513,49.998
775,0.000,0.000,0.000,0.121,46.408,0.110,0.162,0.273,0.107,1.378,2.280,49.594
776,0.000,0.000,0.000,0.092,46.981,0.118,0.194,0.485,0.173,0.963,1.559,49.740
777,0.000,0.000,0.000,0.088,46.482,0.283,0.299,0.559,0.107,1.343,2.106,50.062
778,1.775,1.941,0.054,0.120,44.094,0.160,0.231,0.609,0.000,1.648,2.636,51.760
779,0.000,0.000,0.000,0.186,43.985,0.108,0.183,0.503,0.100,1.263,2.007,47.188
780,0.000,0.000,0.000,0.117,46.851,0.235,0.266,0.587,0.087,0.986,1.716,50.067
781,0.000,0.000,0.000,0.155,44.161,0.103,0.173,0.274,0.113,1.025,1.934,47.244
782,0.000,0.000,0.000,0.181,44.125,0.101,0.250,0.416,0.125,0.819,1.442,46.817
783,0.000,0.000,0.000,0.086,45.837,0.218,0.189,0.339,0.080,1.040,1.631,48.498
784,0.000,0.000,0.000,0.116,45.694,0.168,0.171,0.377,0.205,1.020,2.240,49.112
785,0.000,0.000,0.000,0.089,46.651,0.133,0.169,0.430,0.072,0.867,1.490,49.147
786,0.000,0.000,0.000,0.421,44.104,0.116,0.147,0.374,0.079,0.841,1.487,46.830
787,0.000,0.000,0.000,0.086,47.690,0.178,0.231,0.533,0.080,1.031,1.654,50.548
788,0.000,0.000,0.000,0.085,44.257,0.050,0.192,0.341,0.078,0.802,1.446,46.647
789,0.000,0.000,0.000,0.086,46.837,0.306,0.279,0.440,0.083,1.058,1.798,50.166
790,0.000,0.000,0.000,0.113,44.452,0.104,0.152,0.350,0.113,1.389,2.261,47.676
791,0.000,0.000,0.000,0.079,44.230,0.169,0.214,0.362,0.076,0.846,1.410,46.687
792,0.000,0.000,0.000,0.103,44.942,0.114,0.170,0.453,0.372,1.459,2.304,48.721
793,0.000,0.000,0.000,0.325,44.767,0.195,0.218,0.521,0.096,0.873,1.919,48.154
794,0.000,0.000,0.000,0.140,44.689,0.103,0.181,0.391,0.127,1.463,2.352,48.365
795,1.204,1.710,0.050,0.081,46.640,0.193,0.210,0.378,0.000,1.057,1.594,52.176
796,0.000,0.000,0.000,0.094,48.042,0.252,0.259,0.506,0.098,1.445,2.144,51.672
797,0.000,0.000,0.000,0.646,43.304,0.054,0.243,0.207,0.102,1.053,1.762,46.481
798,0.000,0.000,0.000,0.190,46.166,0.196,0.235,0.384,0.080,0.746,1.332,48.808
799,0.000,0.000,0.000,0.090,44.861,0.110,0.182,0.310,0.226,0.752,1.331,47.332
800,0.000,0.000,0.000,0.086,44.874,0.128,0.174,0.351,0.080,0.806,1.388,47.244
801,0.000,0.000,0.000,0.155,44.261,0.102,0.172,0.409,0.216,1.254,2.100,47.657
802,0.000,0.000,0.000,0.103,47.833,0.190,0.262,0.355,0.105,1.053,1.578,50.521
803,0.000,0.000,0.000,0.105,43.791,0.051,0.246,0.208,0.109,0.971,1.627,46.331
804,0.000,0.000,0.000,0.098,45.168,0.103,0.164,0.277,0.120,1.596,2.317,48.430
805,0.000,0.000,0.000,0.089,45.418,0.130,0.213,0.349,0.072,0.835,1.435,47.838
806,0.000,0.000,0.000,0.105,47.203,0.338,0.294,0.605,0.073,0.824,1.407,50.164
807,0.000,0.000,0.000,0.109,45.217,0.168,0.226,0.501,0.096,1.264,1.993,48.441
808,0.000,0.000,0.000,0.088,44.867,0.122,0.191,0.560,0.080,0.775,1.339,47.473
809,0.000,0.000,0.000,0.089,46.381,0.392,0.403,0.467,0.093,0.854,1.618,49.614
810,0.000,0.000,0.000,0.116,47.660,0.111,0.179,0.301,0.078,0.797,1.431,50.043
811,0.000,0.000,0.000,0.226,44.721,0.104,0.178,0.381,0.086,0.814,1.627,47.512
812,0.000,0.000,0.000,0.191,47.460,0.158,0.218,0.339,0.087,0.834,1.393,50.063
813,0.000,0.000,0.000,0.087,50.449,0.109,0.201,0.495,0.081,1.000,1.689,53.292
814,0.000,0.000,0.000,0.105,58.584,0.182,0.237,0.533,0.098,0.924,1.560,61.407
815,0.000,0.000,0.000,0.081,53.947,0.193,0.188,0.360,0.169,1.416,2.344,57.567
816,0.000,0.000,0.000,0.139,53.066,0.233,0.198,0.328,0.096,1.176,1.955,56.240
817,1.560,4.946,0.050,0.173,43.739,0.202,0.220,0.425,0.000,1.088,1.722,53.189
818,0.000,0.000,0.000,0.126,45.198,0.234,0.368,0.443,0.075,0.834,1.405,47.997
819,0.000,0.000,0.000,0.093,43.848,0.125,0.199,0.284,0.101,1.419,2.121,46.897
820,0.000,0.000,0.000,0.088,45.994,0.097,0.188,0.433,0.085,1.077,1.678,48.670
821,0.000,0.000,0.000,0.106,43.902,0.123,0.188,0.331,0.089,0.931,1.490,46.373
822,0.000,0.000,0.000,0.166,43.755,0.155,0.258,0.361,0.128,1.335,2.180,47.188
823,0.000,0.000,0.000,0.091,42.478,0.096,0.148,0.321,0.076,1.312,2.017,45.368
824,0.000,0.000,0.000,0.090,45.875,0.147,0.222,0.393,0.086,0.700,1.283,48.241
825,0.000,0.000,0.000,0.083,42.576,0.165,0.190,0.383,0.112,0.762,1.345,45.097
826,0.000,0.000,0.000,0.097,44.433,0.243,0.194,0.367,0.092,1.039,1.664,47.254
827,0.000,0.000,0.000,0.105,49.176,0.195,0.331,0.648,0.096,1.376,2.221,52.899
828,0.000,0.000,0.000,0.108,43.595,0.161,0.310,0.864,0.097,0.862,1.539,46.802
829,0.000,0.000,0.000,0.112,43.657,0.133,0.208,0.531,0.120,1.373,2.197,47.176
830,0.000,0.000,0.000,0.096,43.651,0.110,0.188,0.513,0.102,0.985,1.603,46.426
831,0.000,0.000,0.000,0.124,44.377,0.131,0.199,0.274,0.160,1.427,2.227,47.684
832,0.000,0.000,0.000,0.101,43.306,0.109,0.185,0.283,0.072,1.391,2.185,46.368
833,0.000,0.000,0.000,0.129,46.084,0.134,0.208,0.253,0.104,1.342,2.028,49.111
834,0.000,0.000,0.000,0.117,45.760,0.160,0.200,0.405,0.095,0.901,1.551,48.391
835,0.000,0.000,0.000,0.116,47.063,0.103,0.173,0.445,0.084,0.771,1.502,49.644
836,0.000,0.000,0.000,0.119,55.862,0.257,0.317,0.379,0.114,1.374,2.312,59.504
837,0.000,0.000,0.000,0.114,51.541,0.117,0.151,0.444,0.078,0.870,1.525,54.128
838,1.519,1.805,0.050,0.095,45.893,0.244,0.238,0.391,0.000,0.875,1.358,51.709
839,0.000,0.000,0.000,0.143,44.929,0.232,0.225,0.505,0.087,0.835,1.432,47.672
840,0.000,0.000,0.000,0.156,42.527,0.110,0.192,0.562,0.086,1.305,2.348,46.165
841,0.000,0.000,0.000,0.157,44.564,0.113,0.153,0.364,0.093,1.231,1.825,47.448
842,0.000,0.000,0.000,0.106,45.378,0.242,0.295,0.442,0.093,1.105,1.760,48.460
843,0.000,0.000,0.000,0.078,47.608,0.171,0.214,0.480,0.081,0.757,1.436,50.296
844,0.000,0.000,0.000,0.122,42.654,0.293,0.314,0.410,0.084,0.753,1.323,45.302
845,0.000,0.000,0.000,0.186,44.343,0.184,0.200,0.374,0.079,0.954,1.588,47.145
846,0.000,0.000,0.000,0.122,49.286,0.052,0.351,0.373,0.073,0.769,1.438,51.908
847,0.000,0.000,0.000,0.154,44.547,0.046,0.344,0.216,0.081,1.023,1.898,47.537
848,0.000,0.000,0.000,0.075,45.365,0.129,0.170,0.292,0.072,0.773,1.733,48.098
849,0.000,0.000,0.000,0.090,43.668,0.112,0.252,0.486,0.098,0.837,1.495,46.353
850,0.000,0.000,0.000,0.113,47.642,0.110,0.156,0.485,0.104,1.398,2.265,51.006
851,0.000,0.000,0.000,0.262,43.413,0.096,0.200,0.496,0.075,0.864,1.597,46.355
852,0.000,0.000,0.000,0.087,44.471,0.098,0.240,0.342,0.079,1.036,1.573,47.058
853,0.000,0.000,0.000,0.091,44.918,0.064,0.276,0.215,0.073,0.766,1.342,47.115
854,0.000,0.000,0.000,0.115,44.174,0.112,0.192,0.525,0.096,1.533,2.409,47.864
855,0.000,0.000,0.000,0.114,46.693,0.118,0.176,0.337,0.082,0.961,1.724,49.337
856,0.000,0.000,0.000,0.094,47.630,0.109,0.200,0.496,0.075,1.093,1.748,50.456
857,0.000,0.000,0.000,0.086,52.577,0.174,0.334,0.410,0.090,1.018,1.628,55.449
858,0.000,0.000,0.000,0.206,49.118,0.205,0.235,0.522,0.068,1.091,1.870,52.477
859,0.000,0.000,0.000,0.082,50.696,0.199,0.215,0.368,0.194,0.781,1.354,53.289
860,0.000,0.000,0.000,0.090,47.265,0.116,0.147,0.301,0.073,0.725,1.308,49.399
861,0.000,0.000,0.000,0.098,47.543,0.124,0.182,0.384,0.102,0.749,1.301,49.861
862,0.000,0.000,0.000,0.098,45.257,0.123,0.175,0.337,0.085,0.958,1.576,47.760
863,0.000,0.000,0.000,0.116,48.586,0.154,0.223,0.576,0.107,1.418,2.146,52.052
864,1.743,1.521,0.055,0.090,42.263,0.135,0.185,0.403,0.000,1.133,1.718,48.244
865,0.000,0.000,0.000,0.197,43.730,0.134,0.192,0.378,0.080,0.957,1.638,46.466
866,0.000,0.000,0.000,0.090,42.897,0.151,0.227,0.387,0.071,0.852,1.461,45.401
867,0.000,0.000,0.000,0.171,41.684,0.100,0.172,0.393,0.074,0.793,1.605,44.303
868,0.000,0.000,0.000,0.086,41.632,0.109,0.174,0.305,0.069,0.733,1.308,43.775
869,0.000,0.000,0.000,0.091,41.893,0.116,0.198,0.256,0.072,0.694,1.223,43.955
870,0.000,0.000,0.000,0.120,41.458,0.099,0.156,0.301,0.138,0.810,1.640,44.032
871,0.000,0.000,0.000,0.098,42.580,0.123,0.184,0.406,0.081,0.796,1.411,44.978
872,0.000,0.000,0.000,0.089,44.502,0.104,0.178,0.393,0.104,0.831,1.403,46.863
873,0.000,0.000,0.000,0.098,43.931,0.104,0.173,0.426,0.075,0.852,1.403,46.333
874,0.000,0.000,0.000,0.095,43.871,0.107,0.207,0.482,0.080,1.005,1.623,46.642
875,0.000,0.000,0.000,0.286,44.489,0.123,0.181,0.393,0.086,1.182,1.801,47.548
876,0.000,0.000,0.000,0.113,44.222,0.108,0.180,0.310,0.066,1.346,2.214,47.332
877,0.000,0.000,0.000,0.081,44.114,0.103,0.204,0.293,0.081,0.873,1.438,46.414
878,0.000,0.000,0.000,0.101,46.149,0.136,0.193,0.348,0.084,1.015,1.600,48.716
879,0.000,0.000,0.000,0.123,45.164,0.117,0.156,0.384,0.093,0.786,1.385,47.533
880,0.000,0.000,0.000,0.086,45.699,0.131,0.188,0.819,0.093,1.034,1.638,48.805
881,0.000,0.000,0.000,0.101,46.041,0.190,0.244,0.347,0.101,0.875,1.612,48.761
882,0.000,0.000,0.000,0.083,47.194,0.140,0.204,0.460,0.111,1.357,2.076,50.409
883,0.000,0.000,0.000,0.092,51.872,0.103,0.180,0.358,0.136,0.893,1.457,54.314
884,0.000,0.000,0.000,0.088,51.369,0.111,0.151,0.287,0.081,0.748,1.318,53.505
885,0.000,0.000,0.000,0.090,48.906,0.130,0.190,0.483,0.075,0.865,1.439,51.434
886,0.000,0.000,0.000,0.097,48.239,0.130,0.199,0.380,0.307,0.825,1.460,51.110
887,0.000,0.000,0.000,0.175,45.957,0.134,0.210,0.642,0.084,0.796,1.439,48.744
888,0.000,0.000,0.000,0.097,46.687,0.300,0.235,0.381,0.086,0.951,1.575,49.471
889,0.000,0.000,0.000,0.114,47.394,0.247,0.233,0.460,0.072,1.042,1.651,50.348
890,0.000,0.000,0.000,0.097,47.872,0.148,0.159,0.453,0.079,0.820,1.425,50.354
891,0.000,0.000,0.000,0.078,44.938,0.260,0.214,0.295,0.125,1.422,2.106,48.139
892,0.000,0.000,0.000,0.100,47.286,0.209,0.195,0.354,0.106,1.019,1.616,49.971
893,0.000,0.000,0.000,0.103,46.902,0.126,0.178,0.481,0.079,1.039,1.665,49.625
894,0.000,0.000,0.000,0.086,45.581,0.099,0.210,0.336,0.075,1.345,2.143,48.643
895,0.000,0.000,0.000,0.088,46.177,0.135,0.178,0.277,0.110,0.749,1.296,48.350
896,0.000,0.000,0.000,0.084,46.859,0.156,0.227,0.359,0.077,0.780,1.308,49.165
897,0.000,0.000,0.000,0.087,46.008,0.103,0.148,0.315,0.072,1.134,1.730,48.608
898,0.000,0.000,0.000,0.106,45.622,0.114,0.194,0.492,0.075,1.001,1.611,48.345
899,0.000,0.000,0.000,0.111,45.546,0.122,0.177,0.437,0.161,0.840,1.502,48.179
900,0.000,0.000,0.000,0.130,45.936,0.120,0.184,0.452,0.111,1.346,2.151,49.263
901,0.000,0.000,0.000,0.105,45.385,0.106,0.229,0.522,0.120,0.854,1.586,48.173
902,0.000,0.000,0.000,0.083,48.181,0.150,0.181,0.470,0.087,0.921,1.533,50.841
903,0.000,0.000,0.000,0.086,49.217,0.101,0.151,0.287,0.097,0.752,1.355,51.428
904,0.000,0.000,0.000,0.099,49.483,0.122,0.184,0.332,0.074,0.746,1.300,51.734
905,0.000,0.000,0.000,0.088,49.537,0.104,0.175,0.332,0.077,0.877,1.410,51.812
906,0.000,0.000,0.000,0.103,49.154,0.122,0.203,0.357,0.074,0.933,1.488,51.636
907,0.000,0.000,0.000,0.093,54.900,0.201,0.231,0.368,0.084,1.031,1.607,57.626
908,0.000,0.000,0.000,0.100,47.682,0.048,0.242,0.210,0.070,0.795,1.395,49.836
909,0.000,0.000,0.000,0.082,48.041,0.113,0.180,0.303,0.095,0.773,1.315,50.294
910,0.000,0.000,0.000,0.134,46.697,0.113,0.178,0.324,0.073,0.728,1.351,49.039
911,0.000,0.000,0.000,0.081,47.621,0.115,0.214,0.327,0.210,0.739,1.307,50.007
912,0.000,0.000,0.000,0.092,46.699,0.118,0.219,0.426,0.081,0.803,1.378,49.144
913,0.000,0.000,0.000,0.102,46.191,0.099,0.170,0.375,0.078,0.898,1.489,48.644
914,0.000,0.000,0.000,0.082,45.583,0.112,0.287,0.394,0.080,0.770,1.313,47.945
915,0.000,0.000,0.000,0.110,46.240,0.051,0.249,0.218,0.094,1.418,2.118,49.203
916,0.000,0.000,0.000,0.079,45.414,0.129,0.194,0.287,0.071,0.731,1.280,47.598
917,0.000,0.000,0.000,0.087,49.041,0.103,0.150,0.296,0.106,1.412,2.094,52.007
918,0.000,0.000,0.000,0.189,46.857,0.181,0.246,0.450,0.116,1.424,2.274,50.450
919,0.000,0.000,0.000,0.110,45.770,0.113,0.213,0.442,0.083,0.897,1.464,48.303
920,0.000,0.000,0.000,0.085,46.677,0.119,0.180,0.368,0.066,0.737,1.292,48.921
921,0.000,0.000,0.000,0.077,46.888,0.096,0.144,0.290,0.076,0.708,1.258,48.937
922,0.000,0.000,0.000,0.126,47.286,0.121,0.164,0.304,0.108,1.090,1.692,49.967
923,0.000,0.000,0.000,0.091,49.331,0.124,0.161,0.343,0.074,0.971,1.534,51.760
924,0.000,0.000,0.000,0.079,48.237,0.122,0.188,0.505,0.073,0.720,1.303,50.613
925,1.514,1.627,0.048,0.078,43.163,0.106,0.151,0.419,0.000,0.874,1.781,49.009
926,0.000,0.000,0.000,0.106,46.393,0.167,0.226,0.437,0.090,0.796,1.405,48.969
927,0.000,0.000,0.000,0.115,45.539,0.272,0.209,0.409,0.090,0.800,1.421,48.177
928,0.000,0.000,0.000,0.108,44.247,0.118,0.179,0.322,0.068,0.808,1.387,46.571
929,0.000,0.000,0.000,0.092,44.685,0.099,0.283,0.297,0.074,0.812,1.431,47.118
930,0.000,0.000,0.000,0.122,44.246,0.102,0.176,0.338,0.080,0.867,1.521,46.690
931,0.000,0.000,0.000,0.081,44.513,0.210,0.230,0.257,0.088,1.446,2.142,47.701
932,0.000,0.000,0.000,0.081,44.163,0.101,0.195,0.541,0.068,0.825,1.462,46.734
933,0.000,0.000,0.000,0.100,44.519,0.095,0.173,0.335,0.093,1.020,1.642,47.131
934,0.000,0.000,0.000,0.113,44.087,0.100,0.169,0.394,0.085,0.726,1.310,46.362
935,0.000,0.000,0.000,0.086,45.039,0.133,0.179,0.369,0.082,1.113,1.631,47.679
936,0.000,0.000,0.000,0.085,45.689,0.054,0.260,0.224,0.150,1.376,2.155,48.759
937,0.000,0.000,0.000,0.095,43.945,0.050,0.264,0.318,0.098,1.327,2.153,47.337
938,0.000,0.000,0.000,0.084,44.512,0.094,0.143,0.279,0.081,1.347,2.098,47.469
939,0.000,0.000,0.000,0.122,46.831,0.178,0.227,0.390,0.070,0.767,1.298,49.203
940,0.000,0.000,0.000,0.113,42.962,0.104,0.186,0.423,0.080,0.969,1.619,45.583
941,0.000,0.000,0.000,0.085,44.595,0.143,0.190,0.508,0.108,1.342,1.990,47.777
942,0.000,0.000,0.000,0.103,43.576,0.106,0.181,0.377,0.088,0.864,1.583,46.194
943,0.000,0.000,0.000,0.100,48.573,0.124,0.189,0.311,0.249,1.312,2.105,51.817
944,0.000,0.000,0.000,0.120,55.313,0.125,0.214,0.289,0.076,0.864,1.492,57.773
945,0.000,0.000,0.000,0.100,52.089,0.113,0.202,0.424,0.122,0.994,1.683,54.953
946,0.000,0.000,0.000,0.096,48.913,0.113,0.183,0.329,0.104,0.905,1.526,51.433
947,0.000,0.000,0.000,0.095,48.032,0.110,0.156,0.399,0.079,0.883,1.510,50.516
948,0.000,0.000,0.000,0.096,47.473,0.102,0.187,0.366,0.216,0.798,1.362,49.945
949,0.000,0.000,0.000,0.080,48.539,0.136,0.172,0.424,0.067,0.723,1.232,50.733
950,0.000,0.000,0.000,0.095,49.444,0.227,0.343,0.353,0.133,0.822,1.396,52.130
951,0.000,0.000,0.000,0.111,48.588,0.106,0.210,0.274,0.078,1.261,2.142,51.690
952,0.000,0.000,0.000,0.083,45.971,0.155,0.181,0.309,0.224,0.786,1.354,48.465
953,0.000,0.000,0.000,0.096,48.409,0.171,0.220,0.343,0.078,0.985,1.538,50.950
954,0.000,0.000,0.000,0.089,45.524,0.104,0.175,0.375,0.080,0.805,1.500,48.031
955,0.000,0.000,0.000,0.092,46.304,0.190,0.205,0.710,0.118,1.367,2.077,49.830
956,0.000,0.000,0.000,0.094,45.665,0.119,0.180,0.607,0.073,0.879,1.600,48.452
957,0.000,0.000,0.000,0.101,44.823,0.115,0.173,0.296,0.307,1.335,2.093,48.129
958,0.000,0.000,0.000,0.127,45.004,0.107,0.195,0.314,0.170,1.368,2.126,48.183
959,0.000,0.000,0.000,0.152,45.868,0.103,0.192,0.330,0.078,0.844,1.423,48.246
960,0.000,0.000,0.000,0.088,45.310,0.116,0.206,0.450,0.101,0.862,1.456,47.899
961,0.000,0.000,0.000,0.084,46.008,0.130,0.148,0.401,0.071,0.819,1.416,48.541
962,0.000,0.000,0.000,0.080,46.822,0.161,0.216,0.540,0.083,0.954,1.573,49.610
963,0.000,0.000,0.000,0.117,48.732,0.103,0.168,0.428,0.098,1.161,2.002,51.775
964,0.000,0.000,0.000,0.086,50.111,0.110,0.199,0.412,0.210,0.945,1.519,52.746
965,0.000,0.000,0.000,0.103,50.578,0.112,0.185,0.360,0.094,0.819,1.412,52.949
966,0.000,0.000,0.000,0.086,51.941,0.147,0.217,0.382,0.110,1.343,1.988,55.051
967,0.000,0.000,0.000,0.087,48.814,0.118,0.216,0.383,0.079,0.926,1.516,51.523
968,0.000,0.000,0.000,0.118,48.665,0.103,0.186,0.543,0.088,1.056,1.751,51.597
969,0.000,0.000,0.000,0.090,48.411,0.125,0.249,0.382,0.089,0.722,1.315,50.784
970,0.000,0.000,0.000,0.099,49.524,0.117,0.199,0.266,0.098,0.920,1.512,51.925
971,0.000,0.000,0.000,0.099,48.934,0.124,0.186,0.347,0.085,0.790,1.440,51.394
972,0.000,0.000,0.000,0.084,47.907,0.107,0.202,0.299,0.107,1.375,2.294,51.194
973,0.000,0.000,0.000,0.124,48.093,0.206,0.219,0.577,0.097,1.405,2.265,51.756
974,0.000,0.000,0.000,0.264,47.138,0.108,0.203,0.379,0.114,1.340,2.045,50.429
975,0.000,0.000,0.000,0.089,47.273,0.111,0.151,0.324,0.075,0.782,1.371,49.488
976,0.000,0.000,0.000,0.087,45.943,0.106,0.178,0.395,0.073,0.796,1.356,48.263
977,0.000,0.000,0.000,0.080,45.880,0.114,0.200,0.308,0.076,1.422,2.242,49.077
978,0.000,0.000,0.000,0.096,45.691,0.050,0.248,0.210,0.086,0.769,1.358,47.882
979,0.000,0.000,0.000,0.087,47.727,0.229,0.230,0.475,0.078,0.767,1.361,50.283
980,0.000,0.000,0.000,0.086,46.813,0.200,0.223,0.280,0.139,0.872,1.449,49.318
981,0.000,0.000,0.000,0.185,46.620,0.111,0.166,0.456,0.086,0.878,1.441,49.247
982,0.000,0.000,0.000,0.119,47.437,0.106,0.170,0.375,0.070,0.799,1.474,49.861
983,0.000,0.000,0.000,0.103,50.883,0.150,0.223,0.522,0.072,0.999,1.546,53.597
984,0.000,0.000,0.000,0.125,50.119,0.176,0.256,0.341,0.129,0.773,1.368,52.614
985,0.000,0.000,0.000,0.086,50.288,0.050,0.242,0.215,0.075,0.790,1.444,52.612
986,0.000,0.000,0.000,0.105,48.741,0.097,0.175,0.284,0.099,0.783,1.354,50.965
987,0.000,0.000,0.000,0.089,49.967,0.113,0.175,0.384,0.073,0.804,1.359,52.288
988,0.000,0.000,0.000,0.095,48.167,0.127,0.193,0.482,0.330,0.847,1.482,51.008
989,0.000,0.000,0.000,0.089,47.797,0.109,0.180,0.437,0.080,0.904,1.529,50.352
990,0.000,0.000,0.000,0.084,48.490,0.102,0.169,0.281,0.088,1.314,2.287,51.651
991,0.000,0.000,0.000,0.090,47.723,0.052,0.199,0.220,0.188,0.706,1.227,49.792
992,0.000,0.000,0.000,0.088,48.097,0.114,0.177,0.347,0.078,1.340,2.103,51.158
993,0.000,0.000,0.000,0.083,47.673,0.104,0.188,0.469,0.093,0.744,1.347,50.114
994,0.000,0.000,0.000,0.095,48.909,0.180,0.222,0.546,0.091,0.721,1.298,51.459
995,0.000,0.000,0.000,0.130,49.619,0.154,0.280,0.357,0.102,1.084,1.899,52.691
996,0.000,0.000,0.000,0.099,48.653,0.140,0.199,0.472,0.076,0.747,1.327,51.200
997,0.000,0.000,0.000,0.079,48.647,0.133,0.173,0.358,0.077,0.806,1.361,50.989
998,0.000,0.000,0.000,0.166,45.565,0.123,0.174,0.447,0.275,1.412,2.247,49.148
999,0.000,0.000,0.000,0.087,48.180,0.296,0.314,0.334,0.114,1.010,1.642,51.067
1000,0.000,0.000,0.000,0.124,46.631,0.108,0.186,0.359,0.071,0.780,1.380,49.086
1001,0.000,0.000,0.000,0.096,47.401,0.112,0.180,0.335,0.076,0.735,1.314,49.612
1002,0.000,0.000,0.000,0.089,46.867,0.053,0.206,0.224,0.075,0.994,1.838,49.459
1003,0.000,0.000,0.000,0.094,48.136,0.120,0.182,0.263,0.079,1.303,1.875,50.839
1004,0.000,0.000,0.000,0.084,50.055,0.117,0.183,0.276,0.103,0.725,1.282,52.329
1005,0.000,0.000,0.000,0.099,46.971,0.048,0.242,0.206,0.100,0.975,1.564,49.328
1006,0.000,0.000,0.000,0.088,50.447,0.161,0.216,0.384,0.077,1.319,2.212,53.746
1007,0.000,0.000,0.000,0.108,50.579,0.180,0.249,0.406,0.083,0.718,1.299,53.130
1008,0.000,0.000,0.000,0.090,49.765,0.208,0.209,0.475,0.072,0.883,1.516,52.524
1009,0.000,0.000,0.000,0.108,49.007,0.120,0.163,0.371,0.080,0.753,1.421,51.500
1010,0.000,0.000,0.000,0.098,52.649,0.167,0.199,0.362,0.279,0.900,1.580,55.465
1011,0.000,0.000,0.000,0.106,48.156,0.259,0.221,0.599,0.071,1.383,2.074,51.763
1012,0.000,0.000,0.000,0.120,47.749,0.082,0.267,0.403,0.106,0.787,1.768,50.673
1013,0.000,0.000,0.000,0.122,49.076,0.165,0.235,0.544,0.101,0.762,1.372,51.805
1014,0.000,0.000,0.000,0.175,47.392,0.152,0.166,0.363,0.077,0.982,1.632,50.172
1015,0.000,0.000,0.000,0.094,46.911,0.106,0.156,0.424,0.075,0.737,1.291,49.220
1016,0.000,0.000,0.000,0.097,46.343,0.098,0.148,0.302,0.091,1.086,1.705,48.923
1017,0.000,0.000,0.000,0.084,49.417,0.148,0.191,0.294,0.081,1.016,1.643,51.989
1018,0.000,0.000,0.000,0.096,46.295,0.111,0.151,0.307,0.081,1.030,1.828,49.099
1019,0.000,0.000,0.000,0.112,45.965,0.110,0.154,0.444,0.097,0.790,1.638,48.676
1020,0.000,0.000,0.000,0.102,46.200,0.260,0.195,0.419,0.260,0.825,1.551,49.226
1021,0.000,0.000,0.000,0.083,46.773,0.113,0.141,0.401,0.098,0.824,1.495,49.239
1022,0.000,0.000,0.000,0.104,48.781,0.149,0.189,0.379,0.070,1.343,2.187,51.981
1023,0.000,0.000,0.000,0.152,46.796,0.179,0.286,0.259,0.146,1.277,2.017,50.032
1024,0.000,0.000,0.000,0.131,47.360,0.121,0.158,0.287,0.073,0.878,1.625,49.929
1025,0.000,0.000,0.000,0.106,48.176,0.104,0.147,0.269,0.109,1.342,2.095,51.177
1026,0.000,0.000,0.000,0.088,48.479,0.104,0.150,0.371,0.076,0.759,1.337,50.701
1027,0.000,0.000,0.000,0.094,49.070,0.144,0.174,0.342,0.083,0.797,1.366,51.409
1028,0.000,0.000,0.000,0.099,47.836,0.130,0.158,0.448,0.082,0.996,1.726,50.721
1029,0.000,0.000,0.000,0.113,49.392,0.155,0.381,0.323,0.070,0.896,1.673,52.203
1030,0.000,0.000,0.000,0.128,46.684,0.109,0.251,0.267,0.068,1.476,2.251,49.974
1031,0.000,0.000,0.000,0.237,46.986,0.241,0.191,0.627,0.067,1.455,2.166,50.736
1032,0.000,0.000,0.000,0.092,46.901,0.103,0.173,0.377,0.078,1.257,1.984,50.064
1033,0.000,0.000,0.000,0.081,47.244,0.115,0.157,0.426,0.111,1.356,2.307,50.569
1034,0.000,0.000,0.000,0.102,49.695,0.273,0.305,0.771,0.084,1.418,2.384,53.820
1035,0.000,0.000,0.000,0.115,48.806,0.144,0.172,0.456,0.214,1.456,2.231,52.356
1036,0.000,0.000,0.000,0.122,45.424,0.103,0.150,0.331,0.155,1.390,2.451,48.883
1037,0.000,0.000,0.000,0.092,47.738,0.110,0.177,0.421,0.075,0.779,1.343,50.048
1038,0.000,0.000,0.000,0.085,48.624,0.122,0.201,0.412,0.133,1.390,2.064,51.786
1039,0.000,0.000,0.000,0.091,46.397,0.111,0.230,0.401,0.119,1.418,2.038,49.558
1040,0.000,0.000,0.000,0.135,48.256,0.119,0.162,0.524,0.083,1.145,1.795,51.172
1041,0.000,0.000,0.000,0.191,46.773,0.192,0.191,0.385,0.081,0.817,1.602,49.516
1042,0.000,0.000,0.000,0.083,48.193,0.120,0.203,0.415,0.182,0.847,1.479,50.894
1043,0.000,0.000,0.000,0.088,47.392,0.097,0.155,0.265,0.104,0.862,1.456,49.675
1044,0.000,0.000,0.000,0.090,47.254,0.108,0.156,0.385,0.074,0.731,1.275,49.432
1045,0.000,0.000,0.000,0.116,48.169,0.131,0.184,0.569,0.137,0.866,1.445,50.924
1046,0.000,0.000,0.000,0.108,50.214,0.188,0.189,0.490,0.096,0.995,2.088,53.519
1047,0.000,0.000,0.000,0.090,47.509,0.146,0.154,0.554,0.094,1.029,1.722,50.416
1048,0.000,0.000,0.000,0.094,49.389,0.129,0.202,0.464,0.081,0.924,1.532,52.047
1049,0.000,0.000,0.000,0.136,48.267,0.270,0.221,0.483,0.134,0.908,1.682,51.381
1050,0.000,0.000,0.000,0.097,49.019,0.162,0.257,0.370,0.125,1.164,1.861,52.076
1051,0.000,0.000,0.000,0.087,48.257,0.136,0.167,0.314,0.080,1.114,1.884,51.117
1052,0.000,0.000,0.000,0.090,46.524,0.104,0.144,0.393,0.100,1.398,2.203,49.812
1053,0.000,0.000,0.000,0.091,46.718,0.092,0.163,0.403,0.108,1.437,2.476,50.226
1054,0.000,0.000,0.000,0.102,48.814,0.133,0.155,0.431,0.106,1.454,2.116,52.020
1055,0.000,0.000,0.000,0.090,47.951,0.199,0.191,0.366,0.198,0.798,1.362,50.494
1056,0.000,0.000,0.000,0.097,48.841,0.157,0.159,0.348,0.072,1.418,2.111,51.983
1057,0.000,0.000,0.000,0.141,52.218,0.289,0.196,0.277,0.081,0.967,1.566,55.063
1058,0.000,0.000,0.000,0.193,46.393,0.141,0.193,0.344,0.083,1.059,2.252,49.698
1059,0.000,0.000,0.000,0.107,47.793,0.128,0.183,0.325,0.117,0.962,1.741,50.652
1060,0.000,0.000,0.000,0.101,48.951,0.217,0.242,0.793,0.119,1.376,2.133,52.752
1061,0.000,0.000,0.000,0.094,46.703,0.137,0.259,0.552,0.109,1.255,2.027,50.012
1062,0.000,0.000,0.000,0.130,46.772,0.125,0.164,0.434,0.180,1.375,2.280,50.318
1063,0.000,0.000,0.000,0.096,46.908,0.229,0.242,0.430,0.085,0.924,1.615,49.727
1064,0.000,0.000,0.000,0.093,48.778,0.138,0.161,0.359,0.101,1.201,1.828,51.614
1065,0.000,0.000,0.000,0.111,47.091,0.106,0.157,0.445,0.289,0.857,1.512,49.892
1066,0.000,0.000,0.000,0.103,48.645,0.175,0.194,0.499,0.100,1.003,1.683,51.554
1067,1.551,1.585,0.058,0.118,44.805,0.120,0.183,0.529,0.000,0.887,1.399,50.497
1068,0.000,0.000,0.000,0.103,46.069,0.128,0.160,0.399,0.094,0.987,1.719,48.927
1069,0.000,0.000,0.000,0.126,48.997,0.185,0.209,0.672,0.117,1.420,2.382,52.841
1070,0.000,0.000,0.000,0.272,45.976,0.137,0.178,0.389,0.101,1.156,2.085,49.395
1071,0.000,0.000,0.000,0.133,48.146,0.215,0.215,0.386,0.201,1.043,1.684,51.107
1072,0.000,0.000,0.000,0.101,45.105,0.095,0.168,0.410,0.092,0.753,1.365,47.557
1073,0.000,0.000,0.000,0.097,45.230,0.124,0.161,0.383,0.102,0.894,1.503,47.736
1074,0.000,0.000,0.000,0.084,45.543,0.107,0.155,0.369,0.105,0.808,1.427,47.932
1075,0.000,0.000,0.000,0.085,47.525,0.125,0.161,0.350,0.074,0.805,1.379,49.792
1076,0.000,0.000,0.000,0.084,45.058,0.111,0.147,0.353,0.191,0.747,1.350,47.442
1077,0.000,0.000,0.000,0.105,48.402,0.234,0.227,0.605,0.104,0.885,1.471,51.318
1078,0.000,0.000,0.000,0.121,46.578,0.197,0.213,0.543,0.120,1.515,2.407,50.365
1079,1.180,1.715,0.046,0.078,43.607,0.148,0.162,0.475,0.000,0.875,1.352,48.875
1080,0.000,0.000,0.000,0.133,42.298,0.114,0.149,0.471,0.083,1.411,2.389,45.808
1081,0.000,0.000,0.000,0.107,43.496,0.123,0.157,0.365,0.115,1.357,2.147,46.760
1082,0.000,0.000,0.000,0.103,42.760,0.099,0.148,0.351,0.070,0.900,1.472,45.096
1083,0.000,0.000,0.000,0.096,43.239,0.336,0.200,0.556,0.075,0.748,1.359,45.987
1084,0.000,0.000,0.000,0.081,47.084,0.150,0.189,0.435,0.100,1.356,2.149,50.380
1085,0.000,0.000,0.000,0.092,42.669,0.114,0.174,0.399,0.091,0.790,1.382,45.021
1086,0.000,0.000,0.000,0.365,44.247,0.198,0.176,0.422,0.092,0.936,2.069,47.721
1087,0.000,0.000,0.000,0.077,44.906,0.250,0.272,0.451,0.076,0.944,1.569,47.840
1088,0.000,0.000,0.000,0.083,43.665,0.128,0.150,0.398,0.107,0.958,1.731,46.406
1089,0.000,0.000,0.000,0.104,45.525,0.200,0.271,0.452,0.095,0.804,1.483,48.285
1090,0.000,0.000,0.000,0.196,43.750,0.156,0.243,0.490,0.090,0.859,1.867,47.058
1091,0.000,0.000,0.000,0.106,46.481,0.117,0.154,0.450,0.095,0.954,1.713,49.230
1092,0.000,0.000,0.000,0.148,43.324,0.124,0.161,0.437,0.082,0.825,1.411,46.000
1093,0.000,0.000,0.000,0.105,43.705,0.114,0.156,0.421,0.078,0.854,1.502,46.225
1094,0.000,0.000,0.000,0.092,45.746,0.302,0.277,0.555,0.362,1.030,1.739,49.385
1095,0.000,0.000,0.000,0.148,42.927,0.105,0.174,0.487,0.106,1.096,1.831,45.944
1096,0.000,0.000,0.000,0.116,45.716,0.125,0.189,0.655,0.099,0.912,1.642,48.652
1097,1.347,5.262,0.057,0.085,208.366,0.127,0.180,0.343,0.000,0.928,1.456,217.343
1098,0.000,0.000,0.000,0.092,40.562,0.114,0.174,0.393,0.075,0.761,1.391,42.910
1099,0.000,0.000,0.000,0.084,40.667,0.093,0.143,0.270,0.080,0.834,1.390,42.824
1100,0.000,0.000,0.000,0.086,40.615,0.105,0.179,0.341,0.297,0.810,1.335,43.049
1101,0.000,0.000,0.000,0.081,41.117,0.113,0.180,0.285,0.080,0.799,1.381,43.336
1102,0.000,0.000,0.000,0.111,40.404,0.092,0.165,0.276,0.098,1.337,2.200,43.470
1103,0.000,0.000,0.000,0.092,41.014,0.110,0.176,0.376,0.072,1.055,1.691,43.621
1104,0.000,0.000,0.000,0.126,41.848,0.161,0.228,0.369,0.083,1.105,1.994,44.920
1105,0.000,0.000,0.000,0.095,41.303,0.160,0.211,0.395,0.080,0.816,1.402,43.809
1106,0.000,0.000,0.000,0.141,44.033,0.117,0.145,0.348,0.096,1.350,2.224,47.225
1107,0.000,0.000,0.000,0.094,44.485,0.136,0.304,0.339,0.082,0.865,1.448,47.013
1108,0.000,0.000,0.000,0.152,45.798,0.178,0.246,0.508,0.122,0.816,1.639,48.869
1109,0.000,0.000,0.000,0.111,43.795,0.054,0.220,0.269,0.097,0.901,1.480,46.150
1110,0.000,0.000,0.000,0.095,45.842,0.120,0.159,0.328,0.095,0.829,1.454,48.666
1111,0.000,0.000,0.000,0.098,44.358,0.149,0.165,0.405,0.082,0.794,1.364,46.717
1112,0.000,0.000,0.000,0.098,44.205,0.135,0.243,0.534,0.201,1.307,2.078,47.654
1113,0.000,0.000,0.000,0.236,44.884,0.168,0.245,0.519,0.103,1.153,2.249,48.547
1114,0.000,0.000,0.000,0.140,44.585,0.150,0.199,0.489,0.098,1.013,1.972,47.763
1115,1.306,3.801,0.051,0.109,43.605,0.108,0.183,0.282,0.000,0.989,1.727,51.329
1116,0.000,0.000,0.000,0.135,46.645,0.114,0.162,0.298,0.083,1.302,2.195,49.740
1117,0.000,0.000,0.000,0.092,44.321,0.103,0.163,0.385,0.075,0.816,1.464,46.721
1118,0.000,0.000,0.000,0.078,45.171,0.112,0.147,0.341,0.106,1.346,2.453,48.556
1119,0.000,0.000,0.000,0.080,45.491,0.109,0.184,0.362,0.069,0.730,1.303,47.691
1120,0.000,0.000,0.000,0.111,46.321,0.194,0.300,0.503,0.108,1.324,2.059,49.763
1121,0.000,0.000,0.000,0.237,44.021,0.169,0.192,0.363,0.101,0.942,1.731,47.028
1122,0.000,0.000,0.000,0.084,44.773,0.106,0.182,0.388,0.080,1.213,1.795,47.558
1123,0.000,0.000,0.000,0.085,47.452,0.146,0.218,0.320,0.086,0.990,1.575,50.018
1124,0.000,0.000,0.000,0.097,44.778,0.052,0.263,0.220,0.088,0.903,1.561,47.259
1125,0.000,0.000,0.000,0.083,50.370,0.242,0.241,0.429,0.102,1.431,2.069,53.710
1126,0.000,0.000,0.000,0.091,44.710,0.218,0.252,0.370,0.126,0.787,1.378,47.248
1127,0.000,0.000,0.000,0.103,44.636,0.113,0.175,0.422,0.076,0.865,1.445,47.123
1128,0.000,0.000,0.000,0.126,46.196,0.172,0.221,0.603,0.224,1.115,1.738,49.410
1129,0.000,0.000,0.000,0.121,45.616,0.267,0.312,0.412,0.089,1.452,2.160,49.185
1130,0.000,0.000,0.000,0.084,47.821,0.198,0.251,0.313,0.089,0.887,1.589,50.457
1131,0.000,0.000,0.000,0.119,50.159,0.309,0.240,0.279,0.107,1.447,2.198,53.544
1132,0.000,0.000,0.000,0.121,53.897,0.180,0.275,0.823,0.129,1.497,2.493,58.105
1133,0.000,0.000,0.000,0.180,56.560,0.144,0.177,0.352,0.524,1.586,3.046,61.373
1134,0.000,0.000,0.000,0.106,59.376,0.320,0.277,0.554,0.078,0.862,1.462,62.282
1135,1.181,1.596,0.048,0.078,43.106,0.169,0.284,0.659,0.000,0.881,1.389,48.620
1136,0.000,0.000,0.000,0.305,42.669,0.118,0.680,0.418,0.158,1.122,2.310,46.848
1137,0.000,0.000,0.000,0.334,43.060,0.120,0.177,0.373,0.079,0.896,1.696,46.030
1138,0.000,0.000,0.000,0.081,41.286,0.105,0.185,0.412,0.197,0.902,1.475,43.841
1139,0.000,0.000,0.000,0.102,40.686,0.097,0.170,0.315,0.075,1.413,2.144,43.723
1140,0.000,0.000,0.000,0.105,41.009,0.150,0.252,0.440,0.079,0.908,1.514,43.714
1141,0.000,0.000,0.000,0.086,43.086,0.108,0.179,0.325,0.074,1.008,1.826,45.784
1142,0.000,0.000,0.000,0.098,40.359,0.117,0.194,0.341,0.065,0.958,1.555,42.830
1143,0.000,0.000,0.000,0.087,44.807,0.141,0.222,0.593,0.069,1.036,1.812,47.824
1144,0.000,0.000,0.000,0.103,43.552,0.111,0.196,0.508,0.089,1.323,2.082,46.769
1145,0.000,0.000,0.000,0.091,43.624,0.101,0.149,0.342,0.075,1.195,2.067,46.667
1146,0.000,0.000,0.000,0.084,45.545,0.142,0.217,0.425,0.079,1.067,1.729,48.321
1147,0.000,0.000,0.000,0.123,44.489,0.116,0.204,0.434,0.104,0.881,1.744,47.423
1148,0.000,0.000,0.000,0.101,45.412,0.118,0.209,0.272,0.195,0.981,1.569,47.995
1149,0.000,0.000,0.000,0.105,44.707,0.151,0.187,0.318,0.096,0.764,1.386,47.074
1150,0.000,0.000,0.000,0.094,44.163,0.110,0.174,0.333,0.113,1.343,2.181,47.298
1151,0.000,0.000,0.000,0.117,45.666,0.123,0.182,0.410,0.102,1.361,2.108,48.828
1152,1.749,1.427,0.051,0.083,43.243,0.139,0.211,0.446,0.000,0.962,1.500,48.967
1153,0.000,0.000,0.000,0.097,43.126,0.104,0.292,0.633,0.088,1.018,1.661,46.112
1154,0.000,0.000,0.000,0.099,43.325,0.096,0.170,0.401,0.084,0.930,1.577,45.967
1155,0.000,0.000,0.000,0.124,43.930,0.116,0.200,0.341,0.105,0.869,1.461,46.391
1156,0.000,0.000,0.000,0.085,44.883,0.084,0.345,0.229,0.065,0.752,1.336,47.121
1157,0.000,0.000,0.000,0.105,44.188,0.126,0.178,0.268,0.226,0.844,1.507,46.751
1158,0.000,0.000,0.000,0.097,45.448,0.207,0.181,0.291,0.068,0.756,1.389,47.767
1159,0.000,0.000,0.000,0.243,43.081,0.094,0.171,0.372,0.228,0.722,1.344,45.713
1160,0.000,0.000,0.000,0.109,42.144,0.100,0.144,0.410,0.077,1.312,1.978,45.084
1161,0.000,0.000,0.000,0.083,44.428,0.122,0.190,0.409,0.111,0.760,1.337,46.769
1162,0.000,0.000,0.000,0.098,43.902,0.110,0.194,0.307,0.107,0.785,1.389,46.262
1163,0.000,0.000,0.000,0.108,43.349,0.127,0.165,0.334,0.069,1.296,2.059,46.371
1164,0.000,0.000,0.000,0.094,50.057,0.221,0.235,0.281,0.101,0.928,1.659,52.792
1165,0.000,0.000,0.000,0.170,42.822,0.095,0.191,0.271,0.116,1.508,2.574,46.376
1166,0.000,0.000,0.000,0.099,44.283,0.104,0.175,0.320,0.096,0.806,1.363,46.601
1167,0.000,0.000,0.000,0.086,46.884,0.195,0.232,0.405,0.134,0.830,1.426,49.457
1168,0.000,0.000,0.000,0.106,44.055,0.213,0.212,0.614,0.077,1.010,1.866,47.374
1169,0.000,0.000,0.000,0.111,46.748,0.198,0.332,0.436,0.108,1.430,2.292,50.429
1170,0.000,0.000,0.000,0.109,46.909,0.114,0.189,0.367,0.134,1.456,2.301,50.237
1171,0.000,0.000,0.000,0.093,51.376,0.116,0.558,0.402,0.080,0.768,1.565,54.334
1172,1.468,1.530,0.047,0.094,41.977,0.104,0.179,0.330,0.000,0.884,1.409,47.245
1173,0.000,0.000,0.000,0.097,43.081,0.152,0.212,0.377,0.107,1.060,1.830,45.968
1174,0.000,0.000,0.000,0.082,44.212,0.147,0.215,0.275,0.100,0.907,1.740,46.895
1175,0.000,0.000,0.000,0.091,43.597,0.190,0.222,0.523,0.091,1.383,2.192,47.020
1176,0.000,0.000,0.000,0.096,42.189,0.112,0.187,0.348,0.102,0.866,1.497,44.678
1177,0.000,0.000,0.000,0.109,43.844,0.168,0.265,0.550,0.110,1.354,2.145,47.310
1178,0.000,0.000,0.000,0.087,44.120,0.148,0.228,0.288,0.090,0.824,1.470,46.618
1179,0.000,0.000,0.000,0.098,41.448,0.101,0.185,0.387,0.075,0.904,1.524,43.996
1180,0.000,0.000,0.000,0.083,44.909,0.050,0.204,0.215,0.073,0.856,1.633,47.265
1181,0.000,0.000,0.000,0.082,46.911,0.144,0.180,0.325,0.079,1.194,1.777,49.593
1182,0.000,0.000,0.000,0.078,44.876,0.159,0.219,0.404,0.076,0.700,1.329,47.312
1183,0.000,0.000,0.000,0.103,47.739,0.308,0.274,0.566,0.187,0.774,1.397,50.716
1184,0.000,0.000,0.000,0.106,45.995,0.111,0.186,0.530,0.109,1.415,2.924,50.119
1185,0.000,0.000,0.000,0.085,46.892,0.149,0.215,0.418,0.120,1.486,2.556,50.611
1186,0.000,0.000,0.000,0.090,46.258,0.113,0.185,0.390,0.085,0.833,1.420,48.661
1187,0.000,0.000,0.000,0.116,45.411,0.110,0.185,0.256,0.073,1.327,1.982,48.231
1188,0.000,0.000,0.000,0.100,44.947,0.048,0.201,0.225,0.170,1.149,2.177,47.979
1189,0.000,0.000,0.000,0.131,48.958,0.168,0.223,0.277,0.087,1.094,1.938,51.907
1190,0.000,0.000,0.000,0.113,49.027,0.144,0.252,0.350,0.082,0.823,1.475,51.625
1191,0.000,0.000,0.000,0.245,48.582,0.269,0.212,0.371,0.069,0.921,1.922,51.842
1192,1.553,1.689,0.048,0.232,42.766,0.104,0.153,0.414,0.000,1.438,2.294,49.364
1193,0.000,0.000,0.000,0.103,43.505,0.130,0.170,0.392,0.104,1.370,2.088,46.663
1194,0.000,0.000,0.000,0.079,43.993,0.106,0.211,0.410,0.098,0.691,1.231,46.284
1195,0.000,0.000,0.000,0.090,47.741,0.120,0.196,0.285,0.112,0.850,1.473,50.242
1196,0.000,0.000,0.000,0.096,44.339,0.102,0.187,0.307,0.068,1.110,1.788,47.149
1197,0.000,0.000,0.000,0.146,46.937,0.116,0.201,0.371,0.088,1.081,1.652,49.707
1198,0.000,0.000,0.000,0.167,44.573,0.120,0.181,0.390,0.166,1.178,1.822,47.615
1199,0.000,0.000,0.000,0.092,43.399,0.115,0.182,0.517,0.084,1.100,1.671,46.214
1200,0.000,0.000,0.000,0.233,47.415,0.169,0.248,0.362,0.236,0.984,1.615,50.469
1201,0.000,0.000,0.000,0.097,43.613,0.106,0.192,0.381,0.086,0.884,1.446,46.023
1202,0.000,0.000,0.000,0.074,43.464,0.053,0.268,0.223,0.070,0.796,1.317,45.556
1203,0.000,0.000,0.000,0.119,46.533,0.122,0.218,0.263,0.096,1.290,2.085,49.647
1204,0.000,0.000,0.000,0.087,46.786,0.122,0.195,0.437,0.087,1.407,2.594,50.504
1205,0.000,0.000,0.000,0.088,48.264,0.278,0.240,0.452,0.082,1.001,1.609,51.125
1206,0.000,0.000,0.000,0.101,42.825,0.104,0.165,0.638,0.082,0.911,1.501,45.521
1207,0.000,0.000,0.000,0.094,45.274,0.146,0.243,0.467,0.104,1.347,2.199,48.711
1208,0.000,0.000,0.000,0.088,45.474,0.119,0.192,0.339,0.098,0.938,1.565,47.990
1209,0.000,0.000,0.000,0.109,45.441,0.171,0.202,0.508,0.082,0.913,1.851,48.517
1210,0.000,0.000,0.000,0.144,52.140,0.165,0.219,0.311,0.082,1.042,1.686,54.926
1211,0.000,0.000,0.000,0.079,53.163,0.124,0.217,0.347,0.081,0.834,1.576,55.764
1212,2.364,5.547,0.062,0.084,43.733,0.119,0.206,0.370,0.000,1.125,1.668,54.321
1213,0.000,0.000,0.000,0.105,47.971,0.180,0.225,0.454,0.148,1.213,2.630,51.929
1214,0.000,0.000,0.000,0.097,43.197,0.102,0.191,0.505,0.087,0.885,1.707,45.985
1215,0.000,0.000,0.000,0.083,44.934,0.145,0.194,0.391,0.084,1.057,1.650,47.652
1216,0.000,0.000,0.000,0.086,47.473,0.164,0.248,0.406,0.071,1.459,2.063,50.606
1217,0.000,0.000,0.000,0.086,42.134,0.140,0.213,0.421,0.101,1.450,2.451,45.664
1218,0.000,0.000,0.000,0.117,42.633,0.102,0.175,0.288,0.113,1.420,2.280,45.838
1219,0.000,0.000,0.000,0.083,46.257,0.243,0.214,0.331,0.066,0.724,1.315,48.599
1220,0.000,0.000,0.000,0.087,46.027,0.154,0.216,0.384,0.077,0.787,1.402,48.448
1221,0.000,0.000,0.000,0.114,43.701,0.105,0.332,0.506,0.138,1.307,2.342,47.374
1222,0.000,0.000,0.000,0.082,44.072,0.103,0.177,0.363,0.089,0.764,1.356,46.342
1223,0.000,0.000,0.000,0.073,45.535,0.105,0.208,0.491,0.073,0.785,1.306,47.879
1224,0.000,0.000,0.000,0.150,44.898,0.099,0.177,0.345,0.100,1.223,1.797,47.766
1225,0.000,0.000,0.000,0.087,45.887,0.126,0.204,0.326,0.094,1.388,2.213,49.076
1226,0.000,0.000,0.000,0.087,45.367,0.165,0.285,0.353,0.090,1.224,1.867,48.517
1227,0.000,0.000,0.000,0.144,45.547,0.134,0.209,0.769,0.081,0.813,1.386,48.463
1228,0.000,0.000,0.000,0.096,44.436,0.131,0.163,0.520,0.099,1.322,2.187,47.777
1229,0.000,0.000,0.000,0.098,46.422,0.127,0.361,0.547,0.093,0.874,1.473,49.242
1230,0.000,0.000,0.000,0.095,51.008,0.055,0.248,0.229,0.083,0.854,1.485,53.338
1231,0.000,0.000,0.000,0.096,51.754,0.056,0.227,0.235,0.081,0.804,1.533,54.201
1232,1.811,1.634,0.061,0.110,46.005,0.188,0.187,0.315,0.000,1.355,2.162,52.659
1233,0.000,0.000,0.000,0.121,44.536,0.139,0.185,0.325,0.068,0.756,1.376,46.841
1234,0.000,0.000,0.000,0.152,39.996,0.104,0.193,0.485,0.081,1.355,2.665,43.787
1235,0.000,0.000,0.000,0.090,41.892,0.145,0.197,0.404,0.086,1.406,1.979,44.891
1236,0.000,0.000,0.000,0.086,41.442,0.052,0.452,0.232,0.092,0.925,2.052,44.600
1237,0.000,0.000,0.000,0.100,41.784,0.106,0.171,0.291,0.095,0.946,1.598,44.366
1238,0.000,0.000,0.000,0.113,41.658,0.094,0.153,0.321,0.082,0.898,1.550,44.086
1239,0.000,0.000,0.000,0.098,40.574,0.093,0.170,0.316,0.099,1.285,2.044,43.509
1240,0.000,0.000,0.000,0.082,42.880,0.138,0.276,0.450,0.072,1.145,1.717,45.705
1241,0.000,0.000,0.000,0.117,41.579,0.114,0.168,0.399,0.096,0.995,1.832,44.422
1242,0.000,0.000,0.000,0.085,41.680,0.108,0.178,0.402,0.071,0.748,1.302,43.916
1243,0.000,0.000,0.000,0.087,41.629,0.101,0.309,0.482,0.184,0.939,1.732,44.653
1244,0.000,0.000,0.000,0.138,40.786,0.104,0.186,0.447,0.099,1.428,2.311,44.267
1245,0.000,0.000,0.000,0.103,44.036,0.060,0.228,0.229,0.087,1.408,2.816,47.871
1246,0.000,0.000,0.000,0.149,42.640,0.101,0.179,0.359,0.071,1.269,2.001,45.758
1247,1.541,2.006,0.049,0.081,41.422,0.124,0.184,0.367,0.000,0.863,1.331,47.214
1248,0.000,0.000,0.000,0.094,45.181,0.129,0.209,0.356,0.084,1.351,2.146,48.335
1249,0.000,0.000,0.000,0.096,43.520,0.105,0.172,0.357,0.078,0.847,1.424,45.856
1250,0.000,0.000,0.000,0.114,42.418,0.099,0.149,0.373,0.069,0.812,1.446,44.764
1251,0.000,0.000,0.000,0.080,43.749,0.105,0.152,0.316,0.077,0.743,1.317,45.891
1252,0.000,0.000,0.000,0.102,44.605,0.121,0.187,0.412,0.098,0.907,1.555,47.477
1253,0.000,0.000,0.000,0.112,43.076,0.053,0.266,0.225,0.079,0.824,1.635,45.544
1254,0.000,0.000,0.000,0.153,43.538,0.115,0.188,0.275,0.111,0.797,1.453,46.090
1255,0.000,0.000,0.000,0.089,45.357,0.115,0.191,0.299,0.090,0.875,1.465,47.762
1256,0.000,0.000,0.000,0.140,44.944,0.212,0.201,0.368,0.319,0.879,1.554,47.846
1257,0.000,0.000,0.000,0.257,45.737,0.266,0.237,0.388,0.087,1.297,2.337,49.464
1258,0.000,0.000,0.000,0.082,42.330,0.099,0.172,0.395,0.071,0.748,1.319,44.687
1259,0.000,0.000,0.000,0.083,48.849,0.280,0.253,0.492,0.082,0.937,1.546,51.791
1260,0.000,0.000,0.000,0.150,46.486,0.150,0.360,0.385,0.122,1.108,1.856,49.654
1261,1.301,4.290,0.051,0.090,43.333,0.102,0.176,0.306,0.000,1.057,1.699,51.502
1262,0.000,0.000,0.000,0.098,46.937,0.166,0.266,0.406,0.079,0.829,1.443,49.510
1263,0.000,0.000,0.000,0.169,44.029,0.134,0.189,0.417,0.093,0.850,1.514,46.740
1264,0.000,0.000,0.000,0.174,44.823,0.119,0.213,0.342,0.091,1.028,1.822,47.758
1265,0.000,0.000,0.000,0.100,46.363,0.167,0.237,0.378,0.079,0.843,1.472,48.954
1266,0.000,0.000,0.000,0.074,42.565,0.100,0.195,0.499,0.093,1.300,2.279,45.924
1267,0.000,0.000,0.000,0.078,44.771,0.133,0.216,0.406,0.085,0.959,1.505,47.319
1268,0.000,0.000,0.000,0.104,44.958,0.215,0.235,0.361,0.094,0.848,1.459,47.549
1269,0.000,0.000,0.000,0.089,44.163,0.108,0.178,0.319,0.076,1.033,1.650,46.684
1270,0.000,0.000,0.000,0.098,45.995,0.185,0.216,0.501,0.091,0.734,1.357,48.584
1271,0.000,0.000,0.000,0.081,44.085,0.113,0.171,0.337,0.113,0.831,1.537,46.598
1272,0.000,0.000,0.000,0.091,46.863,0.178,0.239,0.531,0.085,1.177,1.894,49.991
1273,0.000,0.000,0.000,0.097,44.615,0.118,0.154,0.391,0.089,0.913,1.563,47.144
1274,0.000,0.000,0.000,0.104,45.926,0.183,0.225,0.615,0.186,0.842,1.421,48.762
1275,0.000,0.000,0.000,0.111,45.678,0.131,0.169,0.372,0.126,1.409,2.254,48.998
1276,1.501,1.676,0.050,0.082,45.572,0.219,0.198,0.297,0.000,0.861,1.513,51.230
1277,0.000,0.000,0.000,0.113,43.845,0.110,0.184,0.493,0.087,0.925,1.573,46.514
1278,0.000,0.000,0.000,0.112,43.115,0.111,0.149,0.311,0.082,0.833,1.426,45.449
1279,0.000,0.000,0.000,0.103,43.148,0.171,0.237,0.465,0.069,1.037,1.635,45.956
1280,0.000,0.000,0.000,0.092,42.970,0.198,0.329,0.597,0.080,1.015,1.594,46.008
1281,0.000,0.000,0.000,0.089,44.796,0.225,0.259,0.573,0.095,0.920,1.574,47.947
1282,0.000,0.000,0.000,0.114,43.248,0.106,0.179,0.431,0.095,0.937,1.598,45.957
1283,0.000,0.000,0.000,0.089,44.926,0.129,0.184,0.352,0.084,0.944,1.538,47.447
1284,0.000,0.000,0.000,0.103,45.644,0.118,0.184,0.398,0.074,1.371,2.184,48.839
1285,0.000,0.000,0.000,0.126,47.470,0.098,0.192,0.317,0.110,1.342,2.085,50.532
1286,0.000,0.000,0.000,0.083,46.765,0.096,0.142,0.258,0.078,0.731,1.278,48.791
1287,0.000,0.000,0.000,0.087,45.722,0.124,0.211,0.518,0.075,0.712,1.289,48.293
1288,0.000,0.000,0.000,0.116,45.921,0.107,0.176,0.397,0.150,1.211,2.022,49.110
1289,0.000,0.000,0.000,0.099,44.909,0.261,0.229,0.676,0.081,1.022,1.593,47.995
1290,0.000,0.000,0.000,0.219,46.037,0.260,0.209,0.403,0.099,0.759,1.370,48.964
1291,0.000,0.000,0.000,0.081,44.411,0.115,0.180,0.341,0.107,1.555,2.754,48.106
1292,0.000,0.000,0.000,0.115,43.393,0.112,0.156,0.285,0.072,0.886,1.520,45.747
1293,0.000,0.000,0.000,0.082,44.895,0.110,0.153,0.346,0.201,0.820,1.446,47.391
1294,1.612,1.676,0.058,0.096,44.169,0.121,0.218,0.385,0.000,0.918,1.528,49.983
1295,0.000,0.000,0.000,0.103,46.687,0.133,0.253,0.388,0.078,0.859,1.487,49.318
1296,0.000,0.000,0.000,0.116,44.255,0.124,0.213,0.908,0.083,0.812,1.386,47.184
1297,0.000,0.000,0.000,0.123,45.975,0.130,0.230,0.384,0.097,0.883,1.549,48.663
1298,0.000,0.000,0.000,0.175,43.748,0.114,0.176,0.374,0.095,1.016,1.849,46.766
1299,0.000,0.000,0.000,0.100,44.573,0.147,0.178,0.426,0.074,0.939,1.510,47.152
1300,0.000,0.000,0.000,0.089,44.673,0.046,0.187,0.226,0.095,1.253,1.901,47.373
1301,0.000,0.000,0.000,0.087,44.524,0.108,0.155,0.316,0.069,1.021,1.592,46.982
1302,0.000,0.000,0.000,0.104,45.335,0.100,0.154,0.348,0.079,0.769,1.399,47.648
1303,0.000,0.000,0.000,0.091,44.169,0.100,0.252,0.394,0.093,1.037,1.710,46.971
1304,0.000,0.000,0.000,0.105,45.932,0.259,0.261,0.357,0.316,0.852,1.445,48.845
1305,0.000,0.000,0.000,0.138,45.053,0.169,0.229,0.518,0.089,1.360,2.274,48.626
1306,0.000,0.000,0.000,0.114,44.426,0.108,0.178,0.364,0.117,1.723,2.938,48.384
1307,0.000,0.000,0.000,0.094,44.943,0.047,0.202,0.226,0.072,0.861,1.612,47.290
1308,0.000,0.000,0.000,0.098,48.444,0.200,0.290,0.244,0.079,0.991,1.553,51.007
1309,1.537,5.336,0.050,0.082,41.607,0.093,0.176,0.283,0.000,0.878,1.366,50.643
1310,0.000,0.000,0.000,0.081,43.264,0.099,0.372,0.382,0.086,0.828,1.373,45.759
1311,0.000,0.000,0.000,0.077,44.668,0.254,0.232,0.365,0.086,1.058,1.804,47.599
1312,0.000,0.000,0.000,0.103,43.195,0.101,0.177,0.387,0.075,0.934,1.482,45.662
1313,0.000,0.000,0.000,0.099,43.490,0.105,0.175,0.502,0.121,1.015,1.656,46.300
1314,0.000,0.000,0.000,0.078,43.292,0.099,0.179,0.379,0.086,0.783,1.372,45.663
1315,0.000,0.000,0.000,0.089,43.732,0.113,0.153,0.366,0.079,0.740,1.346,46.037
1316,0.000,0.000,0.000,0.084,42.871,0.098,0.148,0.358,0.089,1.027,1.641,45.421
1317,0.000,0.000,0.000,0.083,46.453,0.191,0.212,0.287,0.078,0.762,1.328,48.769
1318,0.000,0.000,0.000,0.098,43.474,0.105,0.192,0.402,0.085,0.786,1.396,45.917
1319,0.000,0.000,0.000,0.079,43.333,0.124,0.185,0.426,0.106,1.341,1.979,46.392
1320,0.000,0.000,0.000,0.086,44.671,0.126,0.280,0.535,0.173,0.798,1.408,47.443
1321,0.000,0.000,0.000,0.162,46.131,0.141,0.230,0.462,0.082,0.845,1.539,48.988
1322,0.000,0.000,0.000,0.101,42.663,0.107,0.186,0.404,0.115,1.006,1.570,45.247
1323,0.000,0.000,0.000,0.102,46.226,0.128,0.204,0.361,0.082,0.917,1.513,48.714
1324,0.000,0.000,0.000,0.130,46.681,0.237,0.287,0.442,0.111,1.333,2.025,50.079
1325,0.000,0.000,0.000,0.184,45.491,0.166,0.230,0.309,0.115,1.345,2.339,49.019
1326,0.000,0.000,0.000,0.176,44.981,0.112,0.190,0.330,0.189,0.935,1.770,48.087
1327,0.000,0.000,0.000,0.110,48.472,0.240,0.229,0.677,0.104,1.353,2.165,52.125
1328,0.000,0.000,0.000,0.100,53.086,0.125,0.221,0.310,0.093,0.874,1.535,55.660
